asset_id,figure_id,chapter,chapter_title,part,working_title,visual_type,production_status,rights_status,accuracy_status,recommended_print_size,source_plan
F01.01,1.1,1,Introduction to Beekeeping,I — Foundations,The Managed Honey Bee System,map_landscape,BRIEF_READY,TO_BE_CREATED_OR_COMMISSIONED,PENDING_ASSET_REVIEW,double-column-or-full-page,docs/illustration-plans/chapter-01-illustration-plan.md
F01.02,1.2,1,Introduction to Beekeeping,I — Foundations,What a Colony Contains,technical_cutaway,BRIEF_READY,TO_BE_CREATED_OR_COMMISSIONED,PENDING_ASSET_REVIEW,double-column,docs/illustration-plans/chapter-01-illustration-plan.md
F01.03,1.3,1,Introduction to Beekeeping,I — Foundations,The Beekeeping Year at a Glance,process,BRIEF_READY,TO_BE_CREATED_OR_COMMISSIONED,PENDING_ASSET_REVIEW,single-or-double-column,docs/illustration-plans/chapter-01-illustration-plan.md
F01.04,1.4,1,Introduction to Beekeeping,I — Foundations,Beginner Decision Path,decision_flow,BRIEF_READY,TO_BE_CREATED_OR_COMMISSIONED,PENDING_ASSET_REVIEW,double-column-or-full-page,docs/illustration-plans/chapter-01-illustration-plan.md
F02.01,2.1,2,History of Beekeeping,I — Foundations,Timeline of Beekeeping Development,timeline,BRIEF_READY,TO_BE_CREATED_OR_COMMISSIONED,PENDING_ASSET_REVIEW,double-column-or-full-page,docs/illustration-plans/chapter-02-illustration-plan.md
F02.02,2.2,2,History of Beekeeping,I — Foundations,Historical Hive Forms,scientific_illustration,BRIEF_READY,TO_BE_CREATED_OR_COMMISSIONED,PENDING_ASSET_REVIEW,single-or-double-column,docs/illustration-plans/chapter-02-illustration-plan.md
F02.03,2.3,2,History of Beekeeping,I — Foundations,Movable-Frame Breakthrough,comparison,BRIEF_READY,TO_BE_CREATED_OR_COMMISSIONED,PENDING_ASSET_REVIEW,double-column,docs/illustration-plans/chapter-02-illustration-plan.md
F02.04,2.4,2,History of Beekeeping,I — Foundations,Global Traditions,map_landscape,BRIEF_READY,TO_BE_CREATED_OR_COMMISSIONED,PENDING_ASSET_REVIEW,double-column-or-full-page,docs/illustration-plans/chapter-02-illustration-plan.md
F03.01,3.1,3,Importance of Honey Bees,I — Foundations,Honey Bee Contributions,scientific_illustration,BRIEF_READY,TO_BE_CREATED_OR_COMMISSIONED,PENDING_ASSET_REVIEW,single-or-double-column,docs/illustration-plans/chapter-03-illustration-plan.md
F03.02,3.2,3,Importance of Honey Bees,I — Foundations,Pollination Is a Network,scientific_illustration,BRIEF_READY,TO_BE_CREATED_OR_COMMISSIONED,PENDING_ASSET_REVIEW,single-or-double-column,docs/illustration-plans/chapter-03-illustration-plan.md
F03.03,3.3,3,Importance of Honey Bees,I — Foundations,Managed Bees Versus Wild Pollinator Conservation,comparison,BRIEF_READY,TO_BE_CREATED_OR_COMMISSIONED,PENDING_ASSET_REVIEW,double-column,docs/illustration-plans/chapter-03-illustration-plan.md
F03.04,3.4,3,Importance of Honey Bees,I — Foundations,Ecosystem-Service Pathway,scientific_illustration,BRIEF_READY,TO_BE_CREATED_OR_COMMISSIONED,PENDING_ASSET_REVIEW,single-or-double-column,docs/illustration-plans/chapter-03-illustration-plan.md
F04.01,4.1,4,Products of the Hive,I — Foundations,Hive-Product Overview,scientific_illustration,BRIEF_READY,TO_BE_CREATED_OR_COMMISSIONED,PENDING_ASSET_REVIEW,single-or-double-column,docs/illustration-plans/chapter-04-illustration-plan.md
F04.02,4.2,4,Products of the Hive,I — Foundations,Product Origin Map Inside the Hive,map_landscape,BRIEF_READY,TO_BE_CREATED_OR_COMMISSIONED,PENDING_ASSET_REVIEW,double-column-or-full-page,docs/illustration-plans/chapter-04-illustration-plan.md
F04.03,4.3,4,Products of the Hive,I — Foundations,Product Risk Profiles,chart_data,BRIEF_READY,TO_BE_CREATED_OR_COMMISSIONED,PENDING_ASSET_REVIEW,double-column-or-full-page,docs/illustration-plans/chapter-04-illustration-plan.md
F04.04,4.4,4,Products of the Hive,I — Foundations,From Colony to Market,scientific_illustration,BRIEF_READY,TO_BE_CREATED_OR_COMMISSIONED,PENDING_ASSET_REVIEW,single-or-double-column,docs/illustration-plans/chapter-04-illustration-plan.md
F05.01,5.1,5,Modern Beekeeping,I — Foundations,Modern Beekeeping System,scientific_illustration,BRIEF_READY,TO_BE_CREATED_OR_COMMISSIONED,PENDING_ASSET_REVIEW,single-or-double-column,docs/illustration-plans/chapter-05-illustration-plan.md
F05.02,5.2,5,Modern Beekeeping,I — Foundations,Evidence-Based Decision Loop,decision_flow,BRIEF_READY,TO_BE_CREATED_OR_COMMISSIONED,PENDING_ASSET_REVIEW,double-column-or-full-page,docs/illustration-plans/chapter-05-illustration-plan.md
F05.03,5.3,5,Modern Beekeeping,I — Foundations,Traditional Tools and Precision Tools,scientific_illustration,BRIEF_READY,TO_BE_CREATED_OR_COMMISSIONED,PENDING_ASSET_REVIEW,single-or-double-column,docs/illustration-plans/chapter-05-illustration-plan.md
F05.04,5.4,5,Modern Beekeeping,I — Foundations,Modern Risk Landscape,map_landscape,BRIEF_READY,TO_BE_CREATED_OR_COMMISSIONED,PENDING_ASSET_REVIEW,double-column-or-full-page,docs/illustration-plans/chapter-05-illustration-plan.md
F06.01,6.1,6,Bee Anatomy,II — Honey Bee Biology,External Worker Anatomy,anatomical,BRIEF_READY,TO_BE_CREATED_OR_COMMISSIONED,PENDING_ASSET_REVIEW,double-column,docs/illustration-plans/chapter-06-illustration-plan.md
F06.02,6.2,6,Bee Anatomy,II — Honey Bee Biology,Head and Mouthparts,scientific_illustration,BRIEF_READY,TO_BE_CREATED_OR_COMMISSIONED,PENDING_ASSET_REVIEW,single-or-double-column,docs/illustration-plans/chapter-06-illustration-plan.md
F06.03,6.3,6,Bee Anatomy,II — Honey Bee Biology,Leg Specialisations,scientific_illustration,BRIEF_READY,TO_BE_CREATED_OR_COMMISSIONED,PENDING_ASSET_REVIEW,single-or-double-column,docs/illustration-plans/chapter-06-illustration-plan.md
F06.04,6.4,6,Bee Anatomy,II — Honey Bee Biology,Internal Systems,anatomical,BRIEF_READY,TO_BE_CREATED_OR_COMMISSIONED,PENDING_ASSET_REVIEW,double-column,docs/illustration-plans/chapter-06-illustration-plan.md
F06.05,6.5,6,Bee Anatomy,II — Honey Bee Biology,"Worker, Queen and Drone Anatomy Comparison",comparison,BRIEF_READY,TO_BE_CREATED_OR_COMMISSIONED,PENDING_ASSET_REVIEW,double-column,docs/illustration-plans/chapter-06-illustration-plan.md
F07.01,7.1,7,Honey Bee Life Cycle,II — Honey Bee Biology,Complete Development Cycle,timeline,BRIEF_READY,TO_BE_CREATED_OR_COMMISSIONED,PENDING_ASSET_REVIEW,double-column-or-full-page,docs/illustration-plans/chapter-07-illustration-plan.md
F07.02,7.2,7,Honey Bee Life Cycle,II — Honey Bee Biology,Larval Growth and Feeding,scientific_illustration,BRIEF_READY,TO_BE_CREATED_OR_COMMISSIONED,PENDING_ASSET_REVIEW,single-or-double-column,docs/illustration-plans/chapter-07-illustration-plan.md
F07.03,7.3,7,Honey Bee Life Cycle,II — Honey Bee Biology,Metamorphosis Under the Capping,scientific_illustration,BRIEF_READY,TO_BE_CREATED_OR_COMMISSIONED,PENDING_ASSET_REVIEW,single-or-double-column,docs/illustration-plans/chapter-07-illustration-plan.md
F07.04,7.4,7,Honey Bee Life Cycle,II — Honey Bee Biology,Caste Development Comparison,comparison,BRIEF_READY,TO_BE_CREATED_OR_COMMISSIONED,PENDING_ASSET_REVIEW,double-column,docs/illustration-plans/chapter-07-illustration-plan.md
F08.01,8.1,8,The Queen,II — Honey Bee Biology,Queen Anatomy and Identification,anatomical,BRIEF_READY,TO_BE_CREATED_OR_COMMISSIONED,PENDING_ASSET_REVIEW,double-column,docs/illustration-plans/chapter-08-illustration-plan.md
F08.02,8.2,8,The Queen,II — Honey Bee Biology,Queen Reproductive System,anatomical,BRIEF_READY,TO_BE_CREATED_OR_COMMISSIONED,PENDING_ASSET_REVIEW,double-column,docs/illustration-plans/chapter-08-illustration-plan.md
F08.03,8.3,8,The Queen,II — Honey Bee Biology,Mating and Sperm Storage Concept,comparison,BRIEF_READY,TO_BE_CREATED_OR_COMMISSIONED,PENDING_ASSET_REVIEW,double-column,docs/illustration-plans/chapter-08-illustration-plan.md
F08.04,8.4,8,The Queen,II — Honey Bee Biology,Queen Pheromonal Influence,scientific_illustration,BRIEF_READY,TO_BE_CREATED_OR_COMMISSIONED,PENDING_ASSET_REVIEW,single-or-double-column,docs/illustration-plans/chapter-08-illustration-plan.md
F08.05,8.5,8,The Queen,II — Honey Bee Biology,Queen-Life Management Timeline,timeline,BRIEF_READY,TO_BE_CREATED_OR_COMMISSIONED,PENDING_ASSET_REVIEW,double-column-or-full-page,docs/illustration-plans/chapter-08-illustration-plan.md
F09.01,9.1,9,Worker Bees,II — Honey Bee Biology,Worker Task Progression,process,BRIEF_READY,TO_BE_CREATED_OR_COMMISSIONED,PENDING_ASSET_REVIEW,single-or-double-column,docs/illustration-plans/chapter-09-illustration-plan.md
F09.02,9.2,9,Worker Bees,II — Honey Bee Biology,Worker Specialised Structures,anatomical,BRIEF_READY,TO_BE_CREATED_OR_COMMISSIONED,PENDING_ASSET_REVIEW,double-column,docs/illustration-plans/chapter-09-illustration-plan.md
F09.03,9.3,9,Worker Bees,II — Honey Bee Biology,Forager Resource Types,scientific_illustration,BRIEF_READY,TO_BE_CREATED_OR_COMMISSIONED,PENDING_ASSET_REVIEW,single-or-double-column,docs/illustration-plans/chapter-09-illustration-plan.md
F09.04,9.4,9,Worker Bees,II — Honey Bee Biology,Worker Longevity Context,comparison,BRIEF_READY,TO_BE_CREATED_OR_COMMISSIONED,PENDING_ASSET_REVIEW,double-column,docs/illustration-plans/chapter-09-illustration-plan.md
F10.01,10.1,10,Drones,II — Honey Bee Biology,Drone Identification,scientific_illustration,BRIEF_READY,TO_BE_CREATED_OR_COMMISSIONED,PENDING_ASSET_REVIEW,single-or-double-column,docs/illustration-plans/chapter-10-illustration-plan.md
F10.02,10.2,10,Drones,II — Honey Bee Biology,Drone Development,comparison,BRIEF_READY,TO_BE_CREATED_OR_COMMISSIONED,PENDING_ASSET_REVIEW,double-column,docs/illustration-plans/chapter-10-illustration-plan.md
F10.03,10.3,10,Drones,II — Honey Bee Biology,Drone Reproductive Anatomy,anatomical,BRIEF_READY,TO_BE_CREATED_OR_COMMISSIONED,PENDING_ASSET_REVIEW,double-column,docs/illustration-plans/chapter-10-illustration-plan.md
F10.04,10.4,10,Drones,II — Honey Bee Biology,Mating Congregation Concept,scientific_illustration,BRIEF_READY,TO_BE_CREATED_OR_COMMISSIONED,PENDING_ASSET_REVIEW,single-or-double-column,docs/illustration-plans/chapter-10-illustration-plan.md
F10.05,10.5,10,Drones,II — Honey Bee Biology,Seasonal Drone Dynamics,scientific_illustration,BRIEF_READY,TO_BE_CREATED_OR_COMMISSIONED,PENDING_ASSET_REVIEW,single-or-double-column,docs/illustration-plans/chapter-10-illustration-plan.md
F11.01,11.1,11,Communication Inside the Colony,II — Honey Bee Biology,Waggle Dance Geometry,scientific_illustration,BRIEF_READY,TO_BE_CREATED_OR_COMMISSIONED,PENDING_ASSET_REVIEW,single-or-double-column,docs/illustration-plans/chapter-11-illustration-plan.md
F11.02,11.2,11,Communication Inside the Colony,II — Honey Bee Biology,Distance and Dance Tempo Concept,comparison,BRIEF_READY,TO_BE_CREATED_OR_COMMISSIONED,PENDING_ASSET_REVIEW,double-column,docs/illustration-plans/chapter-11-illustration-plan.md
F11.03,11.3,11,Communication Inside the Colony,II — Honey Bee Biology,Multimodal Communication,scientific_illustration,BRIEF_READY,TO_BE_CREATED_OR_COMMISSIONED,PENDING_ASSET_REVIEW,single-or-double-column,docs/illustration-plans/chapter-11-illustration-plan.md
F11.04,11.4,11,Communication Inside the Colony,II — Honey Bee Biology,Alarm and Recruitment Signals,comparison,BRIEF_READY,TO_BE_CREATED_OR_COMMISSIONED,PENDING_ASSET_REVIEW,double-column,docs/illustration-plans/chapter-11-illustration-plan.md
F11.05,11.5,11,Communication Inside the Colony,II — Honey Bee Biology,Swarm Nest-Site Communication,scientific_illustration,BRIEF_READY,TO_BE_CREATED_OR_COMMISSIONED,PENDING_ASSET_REVIEW,single-or-double-column,docs/illustration-plans/chapter-11-illustration-plan.md
F12.01,12.1,12,Bee Behaviour,II — Honey Bee Biology,Behavioural Repertoire,scientific_illustration,BRIEF_READY,TO_BE_CREATED_OR_COMMISSIONED,PENDING_ASSET_REVIEW,single-or-double-column,docs/illustration-plans/chapter-12-illustration-plan.md
F12.02,12.2,12,Bee Behaviour,II — Honey Bee Biology,Orientation Flight Versus Robbing,comparison,BRIEF_READY,TO_BE_CREATED_OR_COMMISSIONED,PENDING_ASSET_REVIEW,double-column,docs/illustration-plans/chapter-12-illustration-plan.md
F12.03,12.3,12,Bee Behaviour,II — Honey Bee Biology,Defensive Escalation,scientific_illustration,BRIEF_READY,TO_BE_CREATED_OR_COMMISSIONED,PENDING_ASSET_REVIEW,single-or-double-column,docs/illustration-plans/chapter-12-illustration-plan.md
F12.04,12.4,12,Bee Behaviour,II — Honey Bee Biology,Grooming and Hygienic Behaviour,comparison,BRIEF_READY,TO_BE_CREATED_OR_COMMISSIONED,PENDING_ASSET_REVIEW,double-column,docs/illustration-plans/chapter-12-illustration-plan.md
F12.05,12.5,12,Bee Behaviour,II — Honey Bee Biology,Clustering and Thermoregulation,comparison,BRIEF_READY,TO_BE_CREATED_OR_COMMISSIONED,PENDING_ASSET_REVIEW,double-column,docs/illustration-plans/chapter-12-illustration-plan.md
F13.01,13.1,13,Colony Structure,II — Honey Bee Biology,Brood-Nest Organisation,scientific_illustration,BRIEF_READY,TO_BE_CREATED_OR_COMMISSIONED,PENDING_ASSET_REVIEW,single-or-double-column,docs/illustration-plans/chapter-13-illustration-plan.md
F13.02,13.2,13,Colony Structure,II — Honey Bee Biology,Colony as a Superorganism,scientific_illustration,BRIEF_READY,TO_BE_CREATED_OR_COMMISSIONED,PENDING_ASSET_REVIEW,single-or-double-column,docs/illustration-plans/chapter-13-illustration-plan.md
F13.03,13.3,13,Colony Structure,II — Honey Bee Biology,Age Structure and Workforce,scientific_illustration,BRIEF_READY,TO_BE_CREATED_OR_COMMISSIONED,PENDING_ASSET_REVIEW,single-or-double-column,docs/illustration-plans/chapter-13-illustration-plan.md
F13.04,13.4,13,Colony Structure,II — Honey Bee Biology,Resource Flow Through the Colony,process,BRIEF_READY,TO_BE_CREATED_OR_COMMISSIONED,PENDING_ASSET_REVIEW,single-or-double-column,docs/illustration-plans/chapter-13-illustration-plan.md
F14.01,14.1,14,Seasonal Colony Development,II — Honey Bee Biology,Annual Colony Population Cycle,timeline,BRIEF_READY,TO_BE_CREATED_OR_COMMISSIONED,PENDING_ASSET_REVIEW,double-column-or-full-page,docs/illustration-plans/chapter-14-illustration-plan.md
F14.02,14.2,14,Seasonal Colony Development,II — Honey Bee Biology,Temperate Versus Warm-Climate Patterns,comparison,BRIEF_READY,TO_BE_CREATED_OR_COMMISSIONED,PENDING_ASSET_REVIEW,double-column,docs/illustration-plans/chapter-14-illustration-plan.md
F14.03,14.3,14,Seasonal Colony Development,II — Honey Bee Biology,Winter-Bee Development,scientific_illustration,BRIEF_READY,TO_BE_CREATED_OR_COMMISSIONED,PENDING_ASSET_REVIEW,single-or-double-column,docs/illustration-plans/chapter-14-illustration-plan.md
F14.04,14.4,14,Seasonal Colony Development,II — Honey Bee Biology,Forage–Brood Feedback,scientific_illustration,BRIEF_READY,TO_BE_CREATED_OR_COMMISSIONED,PENDING_ASSET_REVIEW,single-or-double-column,docs/illustration-plans/chapter-14-illustration-plan.md
F15.01,15.1,15,Choosing an Apiary Location,III — Starting an Apiary,Apiary Site Assessment,scientific_illustration,BRIEF_READY,TO_BE_CREATED_OR_COMMISSIONED,PENDING_ASSET_REVIEW,single-or-double-column,docs/illustration-plans/chapter-15-illustration-plan.md
F15.02,15.2,15,Choosing an Apiary Location,III — Starting an Apiary,Good and Poor Flight Paths,comparison,BRIEF_READY,TO_BE_CREATED_OR_COMMISSIONED,PENDING_ASSET_REVIEW,double-column,docs/illustration-plans/chapter-15-illustration-plan.md
F15.03,15.3,15,Choosing an Apiary Location,III — Starting an Apiary,Drainage and Stand Placement,comparison,BRIEF_READY,TO_BE_CREATED_OR_COMMISSIONED,PENDING_ASSET_REVIEW,double-column,docs/illustration-plans/chapter-15-illustration-plan.md
F15.04,15.4,15,Choosing an Apiary Location,III — Starting an Apiary,Landscape Forage Mosaic,map_landscape,BRIEF_READY,TO_BE_CREATED_OR_COMMISSIONED,PENDING_ASSET_REVIEW,double-column-or-full-page,docs/illustration-plans/chapter-15-illustration-plan.md
F15.05,15.5,15,Choosing an Apiary Location,III — Starting an Apiary,Carrying Capacity Concept,scientific_illustration,BRIEF_READY,TO_BE_CREATED_OR_COMMISSIONED,PENDING_ASSET_REVIEW,single-or-double-column,docs/illustration-plans/chapter-15-illustration-plan.md
F16.01,16.1,16,Planning the Apiary,III — Starting an Apiary,Small Apiary Layout,map_landscape,BRIEF_READY,TO_BE_CREATED_OR_COMMISSIONED,PENDING_ASSET_REVIEW,double-column-or-full-page,docs/illustration-plans/chapter-16-illustration-plan.md
F16.02,16.2,16,Planning the Apiary,III — Starting an Apiary,Growth Plan,scientific_illustration,BRIEF_READY,TO_BE_CREATED_OR_COMMISSIONED,PENDING_ASSET_REVIEW,single-or-double-column,docs/illustration-plans/chapter-16-illustration-plan.md
F16.03,16.3,16,Planning the Apiary,III — Starting an Apiary,Drift-Reduction Layouts,comparison,BRIEF_READY,TO_BE_CREATED_OR_COMMISSIONED,PENDING_ASSET_REVIEW,double-column,docs/illustration-plans/chapter-16-illustration-plan.md
F16.04,16.4,16,Planning the Apiary,III — Starting an Apiary,Equipment Flow,scientific_illustration,BRIEF_READY,TO_BE_CREATED_OR_COMMISSIONED,PENDING_ASSET_REVIEW,single-or-double-column,docs/illustration-plans/chapter-16-illustration-plan.md
F16.05,16.5,16,Planning the Apiary,III — Starting an Apiary,Apiary Identification System,scientific_illustration,BRIEF_READY,TO_BE_CREATED_OR_COMMISSIONED,PENDING_ASSET_REVIEW,single-or-double-column,docs/illustration-plans/chapter-16-illustration-plan.md
F17.01,17.1,17,Hive Types,III — Starting an Apiary,Common Movable-Frame Hive Families,scientific_illustration,BRIEF_READY,TO_BE_CREATED_OR_COMMISSIONED,PENDING_ASSET_REVIEW,single-or-double-column,docs/illustration-plans/chapter-17-illustration-plan.md
F17.02,17.2,17,Hive Types,III — Starting an Apiary,Horizontal Versus Vertical Expansion,comparison,BRIEF_READY,TO_BE_CREATED_OR_COMMISSIONED,PENDING_ASSET_REVIEW,double-column,docs/illustration-plans/chapter-17-illustration-plan.md
F17.03,17.3,17,Hive Types,III — Starting an Apiary,Top-Bar Hive Concept,scientific_illustration,BRIEF_READY,TO_BE_CREATED_OR_COMMISSIONED,PENDING_ASSET_REVIEW,single-or-double-column,docs/illustration-plans/chapter-17-illustration-plan.md
F17.04,17.4,17,Hive Types,III — Starting an Apiary,Hive-System Comparison Matrix,chart_data,BRIEF_READY,TO_BE_CREATED_OR_COMMISSIONED,PENDING_ASSET_REVIEW,double-column-or-full-page,docs/illustration-plans/chapter-17-illustration-plan.md
F18.01,18.1,18,Hive Components,III — Starting an Apiary,Exploded Modular Hive,scientific_illustration,BRIEF_READY,TO_BE_CREATED_OR_COMMISSIONED,PENDING_ASSET_REVIEW,single-or-double-column,docs/illustration-plans/chapter-18-illustration-plan.md
F18.02,18.2,18,Hive Components,III — Starting an Apiary,Frame Spacing and Bee Space,comparison,BRIEF_READY,TO_BE_CREATED_OR_COMMISSIONED,PENDING_ASSET_REVIEW,double-column,docs/illustration-plans/chapter-18-illustration-plan.md
F18.03,18.3,18,Hive Components,III — Starting an Apiary,Floor Types,comparison,BRIEF_READY,TO_BE_CREATED_OR_COMMISSIONED,PENDING_ASSET_REVIEW,double-column,docs/illustration-plans/chapter-18-illustration-plan.md
F18.04,18.4,18,Hive Components,III — Starting an Apiary,Entrance Management,scientific_illustration,BRIEF_READY,TO_BE_CREATED_OR_COMMISSIONED,PENDING_ASSET_REVIEW,single-or-double-column,docs/illustration-plans/chapter-18-illustration-plan.md
F18.05,18.5,18,Hive Components,III — Starting an Apiary,Hive Materials,scientific_illustration,BRIEF_READY,TO_BE_CREATED_OR_COMMISSIONED,PENDING_ASSET_REVIEW,single-or-double-column,docs/illustration-plans/chapter-18-illustration-plan.md
F19.01,19.1,19,Frames and Foundation,III — Starting an Apiary,Frame Anatomy,anatomical,BRIEF_READY,TO_BE_CREATED_OR_COMMISSIONED,PENDING_ASSET_REVIEW,double-column,docs/illustration-plans/chapter-19-illustration-plan.md
F19.02,19.2,19,Frames and Foundation,III — Starting an Apiary,Foundation Types,scientific_illustration,BRIEF_READY,TO_BE_CREATED_OR_COMMISSIONED,PENDING_ASSET_REVIEW,single-or-double-column,docs/illustration-plans/chapter-19-illustration-plan.md
F19.03,19.3,19,Frames and Foundation,III — Starting an Apiary,Wiring / Reinforcement Concept,scientific_illustration,BRIEF_READY,TO_BE_CREATED_OR_COMMISSIONED,PENDING_ASSET_REVIEW,single-or-double-column,docs/illustration-plans/chapter-19-illustration-plan.md
F19.04,19.4,19,Frames and Foundation,III — Starting an Apiary,Straight Natural Comb,comparison,BRIEF_READY,TO_BE_CREATED_OR_COMMISSIONED,PENDING_ASSET_REVIEW,double-column,docs/illustration-plans/chapter-19-illustration-plan.md
F19.05,19.5,19,Frames and Foundation,III — Starting an Apiary,Comb Age Sequence,process,BRIEF_READY,TO_BE_CREATED_OR_COMMISSIONED,PENDING_ASSET_REVIEW,single-or-double-column,docs/illustration-plans/chapter-19-illustration-plan.md
F20.01,20.1,20,Essential Equipment,III — Starting an Apiary,Beginner Equipment Set,scientific_illustration,BRIEF_READY,TO_BE_CREATED_OR_COMMISSIONED,PENDING_ASSET_REVIEW,single-or-double-column,docs/illustration-plans/chapter-20-illustration-plan.md
F20.02,20.2,20,Essential Equipment,III — Starting an Apiary,Equipment by Task,process,BRIEF_READY,TO_BE_CREATED_OR_COMMISSIONED,PENDING_ASSET_REVIEW,single-or-double-column,docs/illustration-plans/chapter-20-illustration-plan.md
F20.03,20.3,20,Essential Equipment,III — Starting an Apiary,Purchase Priority Matrix,chart_data,BRIEF_READY,TO_BE_CREATED_OR_COMMISSIONED,PENDING_ASSET_REVIEW,double-column-or-full-page,docs/illustration-plans/chapter-20-illustration-plan.md
F20.04,20.4,20,Essential Equipment,III — Starting an Apiary,Clean Equipment Workflow,process,BRIEF_READY,TO_BE_CREATED_OR_COMMISSIONED,PENDING_ASSET_REVIEW,single-or-double-column,docs/illustration-plans/chapter-20-illustration-plan.md
F20.05,20.5,20,Essential Equipment,III — Starting an Apiary,Maintenance Check,scientific_illustration,BRIEF_READY,TO_BE_CREATED_OR_COMMISSIONED,PENDING_ASSET_REVIEW,single-or-double-column,docs/illustration-plans/chapter-20-illustration-plan.md
F21.01,21.1,21,Protective Clothing,III — Starting an Apiary,Protective Clothing System,scientific_illustration,BRIEF_READY,TO_BE_CREATED_OR_COMMISSIONED,PENDING_ASSET_REVIEW,single-or-double-column,docs/illustration-plans/chapter-21-illustration-plan.md
F21.02,21.2,21,Protective Clothing,III — Starting an Apiary,Veil Clearance,comparison,BRIEF_READY,TO_BE_CREATED_OR_COMMISSIONED,PENDING_ASSET_REVIEW,double-column,docs/illustration-plans/chapter-21-illustration-plan.md
F21.03,21.3,21,Protective Clothing,III — Starting an Apiary,Clothing Selection by Task,scientific_illustration,BRIEF_READY,TO_BE_CREATED_OR_COMMISSIONED,PENDING_ASSET_REVIEW,single-or-double-column,docs/illustration-plans/chapter-21-illustration-plan.md
F21.04,21.4,21,Protective Clothing,III — Starting an Apiary,Pre-Inspection PPE Check,scientific_illustration,BRIEF_READY,TO_BE_CREATED_OR_COMMISSIONED,PENDING_ASSET_REVIEW,single-or-double-column,docs/illustration-plans/chapter-21-illustration-plan.md
F21.05,21.5,21,Protective Clothing,III — Starting an Apiary,Heat-Stress Awareness,scientific_illustration,BRIEF_READY,TO_BE_CREATED_OR_COMMISSIONED,PENDING_ASSET_REVIEW,single-or-double-column,docs/illustration-plans/chapter-21-illustration-plan.md
F22.01,22.1,22,Smokers and Hive Tools,III — Starting an Apiary,Smoker Anatomy,anatomical,BRIEF_READY,TO_BE_CREATED_OR_COMMISSIONED,PENDING_ASSET_REVIEW,double-column,docs/illustration-plans/chapter-22-illustration-plan.md
F22.02,22.2,22,Smokers and Hive Tools,III — Starting an Apiary,Airflow and Cool-Smoke Production,technical_cutaway,BRIEF_READY,TO_BE_CREATED_OR_COMMISSIONED,PENDING_ASSET_REVIEW,double-column,docs/illustration-plans/chapter-22-illustration-plan.md
F22.03,22.3,22,Smokers and Hive Tools,III — Starting an Apiary,Suitable Versus Unsuitable Smoker Fuels,comparison,BRIEF_READY,TO_BE_CREATED_OR_COMMISSIONED,PENDING_ASSET_REVIEW,double-column,docs/illustration-plans/chapter-22-illustration-plan.md
F22.04,22.4,22,Smokers and Hive Tools,III — Starting an Apiary,Smoker-Lighting Sequence,process,BRIEF_READY,TO_BE_CREATED_OR_COMMISSIONED,PENDING_ASSET_REVIEW,single-or-double-column,docs/illustration-plans/chapter-22-illustration-plan.md
F22.05,22.5,22,Smokers and Hive Tools,III — Starting an Apiary,Minimum Effective Smoke,scientific_illustration,BRIEF_READY,TO_BE_CREATED_OR_COMMISSIONED,PENDING_ASSET_REVIEW,single-or-double-column,docs/illustration-plans/chapter-22-illustration-plan.md
F22.06,22.6,22,Smokers and Hive Tools,III — Starting an Apiary,Hot-Smoker and Fire-Safety Zone,process,BRIEF_READY,TO_BE_CREATED_OR_COMMISSIONED,PENDING_ASSET_REVIEW,single-or-double-column,docs/illustration-plans/chapter-22-illustration-plan.md
F22.07,22.7,22,Smokers and Hive Tools,III — Starting an Apiary,Common Hive-Tool Designs,comparison,BRIEF_READY,TO_BE_CREATED_OR_COMMISSIONED,PENDING_ASSET_REVIEW,double-column,docs/illustration-plans/chapter-22-illustration-plan.md
F22.08,22.8,22,Smokers and Hive Tools,III — Starting an Apiary,Correct Frame Release,comparison,BRIEF_READY,TO_BE_CREATED_OR_COMMISSIONED,PENDING_ASSET_REVIEW,double-column,docs/illustration-plans/chapter-22-illustration-plan.md
F22.09,22.9,22,Smokers and Hive Tools,III — Starting an Apiary,Tool Hygiene Between Colonies,process,BRIEF_READY,TO_BE_CREATED_OR_COMMISSIONED,PENDING_ASSET_REVIEW,single-or-double-column,docs/illustration-plans/chapter-22-illustration-plan.md
F22.10,22.10,22,Smokers and Hive Tools,III — Starting an Apiary,Compact Inspection Tool Kit,scientific_illustration,BRIEF_READY,TO_BE_CREATED_OR_COMMISSIONED,PENDING_ASSET_REVIEW,single-or-double-column,docs/illustration-plans/chapter-22-illustration-plan.md
F23.01,23.1,23,Beekeeping Safety and First Aid,III — Starting an Apiary,Apiary Hazard Map,map_landscape,BRIEF_READY,TO_BE_CREATED_OR_COMMISSIONED,PENDING_ASSET_REVIEW,double-column-or-full-page,docs/illustration-plans/chapter-23-illustration-plan.md
F23.02,23.2,23,Beekeeping Safety and First Aid,III — Starting an Apiary,Simple Risk-Assessment Sequence,chart_data,BRIEF_READY,TO_BE_CREATED_OR_COMMISSIONED,PENDING_ASSET_REVIEW,double-column-or-full-page,docs/illustration-plans/chapter-23-illustration-plan.md
F23.03,23.3,23,Beekeeping Safety and First Aid,III — Starting an Apiary,Hierarchy of Controls for Beekeeping,process,BRIEF_READY,TO_BE_CREATED_OR_COMMISSIONED,PENDING_ASSET_REVIEW,single-or-double-column,docs/illustration-plans/chapter-23-illustration-plan.md
F23.04,23.4,23,Beekeeping Safety and First Aid,III — Starting an Apiary,Sting Prevention and Protective Overlap,process,BRIEF_READY,TO_BE_CREATED_OR_COMMISSIONED,PENDING_ASSET_REVIEW,single-or-double-column,docs/illustration-plans/chapter-23-illustration-plan.md
F23.05,23.5,23,Beekeeping Safety and First Aid,III — Starting an Apiary,Honey-Bee Stinger Removal,scientific_illustration,BRIEF_READY,TO_BE_CREATED_OR_COMMISSIONED,PENDING_ASSET_REVIEW,single-or-double-column,docs/illustration-plans/chapter-23-illustration-plan.md
F23.06,23.6,23,Beekeeping Safety and First Aid,III — Starting an Apiary,Local Reaction Versus Emergency Warning Signs,comparison,BRIEF_READY,TO_BE_CREATED_OR_COMMISSIONED,PENDING_ASSET_REVIEW,double-column,docs/illustration-plans/chapter-23-illustration-plan.md
F23.07,23.7,23,Beekeeping Safety and First Aid,III — Starting an Apiary,Apiary First-Aid and Emergency Kit,scientific_illustration,BRIEF_READY,TO_BE_CREATED_OR_COMMISSIONED,PENDING_ASSET_REVIEW,single-or-double-column,docs/illustration-plans/chapter-23-illustration-plan.md
F23.08,23.8,23,Beekeeping Safety and First Aid,III — Starting an Apiary,Safer Super Lifting,scientific_illustration,BRIEF_READY,TO_BE_CREATED_OR_COMMISSIONED,PENDING_ASSET_REVIEW,single-or-double-column,docs/illustration-plans/chapter-23-illustration-plan.md
F23.09,23.9,23,Beekeeping Safety and First Aid,III — Starting an Apiary,"Heat, Cold and Dehydration Prevention",decision_flow,BRIEF_READY,TO_BE_CREATED_OR_COMMISSIONED,PENDING_ASSET_REVIEW,double-column-or-full-page,docs/illustration-plans/chapter-23-illustration-plan.md
F23.10,23.10,23,Beekeeping Safety and First Aid,III — Starting an Apiary,Smoker and Vegetation-Fire Safety,scientific_illustration,BRIEF_READY,TO_BE_CREATED_OR_COMMISSIONED,PENDING_ASSET_REVIEW,single-or-double-column,docs/illustration-plans/chapter-23-illustration-plan.md
F23.11,23.11,23,Beekeeping Safety and First Aid,III — Starting an Apiary,Chemical-Treatment PPE and Label Discipline,scientific_illustration,BRIEF_READY,TO_BE_CREATED_OR_COMMISSIONED,PENDING_ASSET_REVIEW,single-or-double-column,docs/illustration-plans/chapter-23-illustration-plan.md
F23.12,23.12,23,Beekeeping Safety and First Aid,III — Starting an Apiary,Lone-Working Emergency Plan,scientific_illustration,BRIEF_READY,TO_BE_CREATED_OR_COMMISSIONED,PENDING_ASSET_REVIEW,single-or-double-column,docs/illustration-plans/chapter-23-illustration-plan.md
F24.01,24.1,24,Installing Bees,IV — Colony Management,Starting Units Compared,comparison,BRIEF_READY,TO_BE_CREATED_OR_COMMISSIONED,PENDING_ASSET_REVIEW,double-column,docs/illustration-plans/chapter-24-illustration-plan.md
F24.02,24.2,24,Installing Bees,IV — Colony Management,Prepared Receiving Hive,scientific_illustration,BRIEF_READY,TO_BE_CREATED_OR_COMMISSIONED,PENDING_ASSET_REVIEW,single-or-double-column,docs/illustration-plans/chapter-24-illustration-plan.md
F24.03,24.3,24,Installing Bees,IV — Colony Management,Safe Bee Transport,scientific_illustration,BRIEF_READY,TO_BE_CREATED_OR_COMMISSIONED,PENDING_ASSET_REVIEW,single-or-double-column,docs/illustration-plans/chapter-24-illustration-plan.md
F24.04,24.4,24,Installing Bees,IV — Colony Management,Package-Bee Installation Sequence,process,BRIEF_READY,TO_BE_CREATED_OR_COMMISSIONED,PENDING_ASSET_REVIEW,single-or-double-column,docs/illustration-plans/chapter-24-illustration-plan.md
F24.05,24.5,24,Installing Bees,IV — Colony Management,Queen Cage and Release Concepts,process,BRIEF_READY,TO_BE_CREATED_OR_COMMISSIONED,PENDING_ASSET_REVIEW,single-or-double-column,docs/illustration-plans/chapter-24-illustration-plan.md
F24.06,24.6,24,Installing Bees,IV — Colony Management,Nucleus Transfer,scientific_illustration,BRIEF_READY,TO_BE_CREATED_OR_COMMISSIONED,PENDING_ASSET_REVIEW,single-or-double-column,docs/illustration-plans/chapter-24-illustration-plan.md
F24.07,24.7,24,Installing Bees,IV — Colony Management,Swarm Installation,process,BRIEF_READY,TO_BE_CREATED_OR_COMMISSIONED,PENDING_ASSET_REVIEW,single-or-double-column,docs/illustration-plans/chapter-24-illustration-plan.md
F24.08,24.8,24,Installing Bees,IV — Colony Management,Entrance Reduction and Robbing Prevention,scientific_illustration,BRIEF_READY,TO_BE_CREATED_OR_COMMISSIONED,PENDING_ASSET_REVIEW,single-or-double-column,docs/illustration-plans/chapter-24-illustration-plan.md
F24.09,24.9,24,Installing Bees,IV — Colony Management,First-Inspection Decision Timeline,decision_flow,BRIEF_READY,TO_BE_CREATED_OR_COMMISSIONED,PENDING_ASSET_REVIEW,double-column-or-full-page,docs/illustration-plans/chapter-24-illustration-plan.md
F24.10,24.10,24,Installing Bees,IV — Colony Management,Early Success and Warning Signs,comparison,BRIEF_READY,TO_BE_CREATED_OR_COMMISSIONED,PENDING_ASSET_REVIEW,double-column,docs/illustration-plans/chapter-24-illustration-plan.md
F24.11,24.11,24,Installing Bees,IV — Colony Management,New-Colony Biosecurity,scientific_illustration,BRIEF_READY,TO_BE_CREATED_OR_COMMISSIONED,PENDING_ASSET_REVIEW,single-or-double-column,docs/illustration-plans/chapter-24-illustration-plan.md
F24.12,24.12,24,Installing Bees,IV — Colony Management,Installation Record Example,process,BRIEF_READY,TO_BE_CREATED_OR_COMMISSIONED,PENDING_ASSET_REVIEW,single-or-double-column,docs/illustration-plans/chapter-24-illustration-plan.md
F25.01,25.1,25,Routine Hive Inspections,IV — Colony Management,Inspection Depth Ladder,scientific_illustration,BRIEF_READY,TO_BE_CREATED_OR_COMMISSIONED,PENDING_ASSET_REVIEW,single-or-double-column,docs/illustration-plans/chapter-25-illustration-plan.md
F25.02,25.2,25,Routine Hive Inspections,IV — Colony Management,Pre-Opening Observation,scientific_illustration,BRIEF_READY,TO_BE_CREATED_OR_COMMISSIONED,PENDING_ASSET_REVIEW,single-or-double-column,docs/illustration-plans/chapter-25-illustration-plan.md
F25.03,25.3,25,Routine Hive Inspections,IV — Colony Management,Inspection Questions Before Opening,decision_flow,BRIEF_READY,TO_BE_CREATED_OR_COMMISSIONED,PENDING_ASSET_REVIEW,double-column-or-full-page,docs/illustration-plans/chapter-25-illustration-plan.md
F25.04,25.4,25,Routine Hive Inspections,IV — Colony Management,Safe Frame-Handling Sequence,process,BRIEF_READY,TO_BE_CREATED_OR_COMMISSIONED,PENDING_ASSET_REVIEW,single-or-double-column,docs/illustration-plans/chapter-25-illustration-plan.md
F25.05,25.5,25,Routine Hive Inspections,IV — Colony Management,Queenright Evidence Without Finding the Queen,scientific_illustration,BRIEF_READY,TO_BE_CREATED_OR_COMMISSIONED,PENDING_ASSET_REVIEW,single-or-double-column,docs/illustration-plans/chapter-25-illustration-plan.md
F25.06,25.6,25,Routine Hive Inspections,IV — Colony Management,Healthy Brood-Age Reference,scientific_illustration,BRIEF_READY,TO_BE_CREATED_OR_COMMISSIONED,PENDING_ASSET_REVIEW,single-or-double-column,docs/illustration-plans/chapter-25-illustration-plan.md
F25.07,25.7,25,Routine Hive Inspections,IV — Colony Management,Brood Pattern Interpretation,comparison,BRIEF_READY,TO_BE_CREATED_OR_COMMISSIONED,PENDING_ASSET_REVIEW,double-column,docs/illustration-plans/chapter-25-illustration-plan.md
F25.08,25.8,25,Routine Hive Inspections,IV — Colony Management,Colony Strength Estimate,scientific_illustration,BRIEF_READY,TO_BE_CREATED_OR_COMMISSIONED,PENDING_ASSET_REVIEW,single-or-double-column,docs/illustration-plans/chapter-25-illustration-plan.md
F25.09,25.9,25,Routine Hive Inspections,IV — Colony Management,Food-Reserve Assessment,scientific_illustration,BRIEF_READY,TO_BE_CREATED_OR_COMMISSIONED,PENDING_ASSET_REVIEW,single-or-double-column,docs/illustration-plans/chapter-25-illustration-plan.md
F25.10,25.10,25,Routine Hive Inspections,IV — Colony Management,Space and Congestion,comparison,BRIEF_READY,TO_BE_CREATED_OR_COMMISSIONED,PENDING_ASSET_REVIEW,double-column,docs/illustration-plans/chapter-25-illustration-plan.md
F25.11,25.11,25,Routine Hive Inspections,IV — Colony Management,Swarm-Preparation Evidence,scientific_illustration,BRIEF_READY,TO_BE_CREATED_OR_COMMISSIONED,PENDING_ASSET_REVIEW,single-or-double-column,docs/illustration-plans/chapter-25-illustration-plan.md
F25.12,25.12,25,Routine Hive Inspections,IV — Colony Management,Warning Signs Requiring Targeted Follow-Up,scientific_illustration,BRIEF_READY,TO_BE_CREATED_OR_COMMISSIONED,PENDING_ASSET_REVIEW,single-or-double-column,docs/illustration-plans/chapter-25-illustration-plan.md
F25.13,25.13,25,Routine Hive Inspections,IV — Colony Management,Inspection Record and Follow-Up Loop,decision_flow,BRIEF_READY,TO_BE_CREATED_OR_COMMISSIONED,PENDING_ASSET_REVIEW,double-column-or-full-page,docs/illustration-plans/chapter-25-illustration-plan.md
F25.14,25.14,25,Routine Hive Inspections,IV — Colony Management,Closing the Hive Without Crushing Bees,scientific_illustration,BRIEF_READY,TO_BE_CREATED_OR_COMMISSIONED,PENDING_ASSET_REVIEW,single-or-double-column,docs/illustration-plans/chapter-25-illustration-plan.md
F26.01,26.1,26,Feeding Bees,IV — Colony Management,Natural and Supplemental Nutrition,anatomical,BRIEF_READY,TO_BE_CREATED_OR_COMMISSIONED,PENDING_ASSET_REVIEW,double-column,docs/illustration-plans/chapter-26-illustration-plan.md
F26.02,26.2,26,Feeding Bees,IV — Colony Management,Syrup Preparation by Weight,process,BRIEF_READY,TO_BE_CREATED_OR_COMMISSIONED,PENDING_ASSET_REVIEW,single-or-double-column,docs/illustration-plans/chapter-26-illustration-plan.md
F26.03,26.3,26,Feeding Bees,IV — Colony Management,Feeder Types,technical_cutaway,BRIEF_READY,TO_BE_CREATED_OR_COMMISSIONED,PENDING_ASSET_REVIEW,double-column,docs/illustration-plans/chapter-26-illustration-plan.md
F26.04,26.4,26,Feeding Bees,IV — Colony Management,Anti-Drowning Features,scientific_illustration,BRIEF_READY,TO_BE_CREATED_OR_COMMISSIONED,PENDING_ASSET_REVIEW,single-or-double-column,docs/illustration-plans/chapter-26-illustration-plan.md
F26.05,26.5,26,Feeding Bees,IV — Colony Management,Robbing Prevention During Feeding,comparison,BRIEF_READY,TO_BE_CREATED_OR_COMMISSIONED,PENDING_ASSET_REVIEW,double-column,docs/illustration-plans/chapter-26-illustration-plan.md
F26.06,26.6,26,Feeding Bees,IV — Colony Management,Brood Nest Before and After Overfeeding,comparison,BRIEF_READY,TO_BE_CREATED_OR_COMMISSIONED,PENDING_ASSET_REVIEW,double-column,docs/illustration-plans/chapter-26-illustration-plan.md
F26.07,26.7,26,Feeding Bees,IV — Colony Management,Feeding Decision Flow,decision_flow,BRIEF_READY,TO_BE_CREATED_OR_COMMISSIONED,PENDING_ASSET_REVIEW,double-column-or-full-page,docs/illustration-plans/chapter-26-illustration-plan.md
F26.08,26.8,26,Feeding Bees,IV — Colony Management,Protein Patty Placement,technical_cutaway,BRIEF_READY,TO_BE_CREATED_OR_COMMISSIONED,PENDING_ASSET_REVIEW,double-column,docs/illustration-plans/chapter-26-illustration-plan.md
F26.09,26.9,26,Feeding Bees,IV — Colony Management,Feeding Record Example,process,BRIEF_READY,TO_BE_CREATED_OR_COMMISSIONED,PENDING_ASSET_REVIEW,single-or-double-column,docs/illustration-plans/chapter-26-illustration-plan.md
F26.10,26.10,26,Feeding Bees,IV — Colony Management,Honey-Quality Safeguard,process,BRIEF_READY,TO_BE_CREATED_OR_COMMISSIONED,PENDING_ASSET_REVIEW,single-or-double-column,docs/illustration-plans/chapter-26-illustration-plan.md
F27.01,27.1,27,Emergency and Winter Feeding,IV — Colony Management,Winter Cluster and Accessible Stores,technical_cutaway,BRIEF_READY,TO_BE_CREATED_OR_COMMISSIONED,PENDING_ASSET_REVIEW,double-column,docs/illustration-plans/chapter-27-illustration-plan.md
F27.02,27.2,27,Emergency and Winter Feeding,IV — Colony Management,Isolation Starvation,scientific_illustration,BRIEF_READY,TO_BE_CREATED_OR_COMMISSIONED,PENDING_ASSET_REVIEW,single-or-double-column,docs/illustration-plans/chapter-27-illustration-plan.md
F27.03,27.3,27,Emergency and Winter Feeding,IV — Colony Management,Winter Feed Types,scientific_illustration,BRIEF_READY,TO_BE_CREATED_OR_COMMISSIONED,PENDING_ASSET_REVIEW,single-or-double-column,docs/illustration-plans/chapter-27-illustration-plan.md
F27.04,27.4,27,Emergency and Winter Feeding,IV — Colony Management,Fondant Placement,technical_cutaway,BRIEF_READY,TO_BE_CREATED_OR_COMMISSIONED,PENDING_ASSET_REVIEW,double-column,docs/illustration-plans/chapter-27-illustration-plan.md
F27.05,27.5,27,Emergency and Winter Feeding,IV — Colony Management,Incorrect Feed Placement,scientific_illustration,BRIEF_READY,TO_BE_CREATED_OR_COMMISSIONED,PENDING_ASSET_REVIEW,single-or-double-column,docs/illustration-plans/chapter-27-illustration-plan.md
F27.06,27.6,27,Emergency and Winter Feeding,IV — Colony Management,Hive Weight Monitoring,chart_data,BRIEF_READY,TO_BE_CREATED_OR_COMMISSIONED,PENDING_ASSET_REVIEW,double-column-or-full-page,docs/illustration-plans/chapter-27-illustration-plan.md
F27.07,27.7,27,Emergency and Winter Feeding,IV — Colony Management,Condensation and Moisture,technical_cutaway,BRIEF_READY,TO_BE_CREATED_OR_COMMISSIONED,PENDING_ASSET_REVIEW,double-column,docs/illustration-plans/chapter-27-illustration-plan.md
F27.08,27.8,27,Emergency and Winter Feeding,IV — Colony Management,Emergency Feeding Sequence,process,BRIEF_READY,TO_BE_CREATED_OR_COMMISSIONED,PENDING_ASSET_REVIEW,single-or-double-column,docs/illustration-plans/chapter-27-illustration-plan.md
F27.09,27.9,27,Emergency and Winter Feeding,IV — Colony Management,Food Frame Placement,scientific_illustration,BRIEF_READY,TO_BE_CREATED_OR_COMMISSIONED,PENDING_ASSET_REVIEW,single-or-double-column,docs/illustration-plans/chapter-27-illustration-plan.md
F27.10,27.10,27,Emergency and Winter Feeding,IV — Colony Management,Autumn Preparation Timeline,timeline,BRIEF_READY,TO_BE_CREATED_OR_COMMISSIONED,PENDING_ASSET_REVIEW,double-column-or-full-page,docs/illustration-plans/chapter-27-illustration-plan.md
F27.11,27.11,27,Emergency and Winter Feeding,IV — Colony Management,Winter Entrance Conditions,scientific_illustration,BRIEF_READY,TO_BE_CREATED_OR_COMMISSIONED,PENDING_ASSET_REVIEW,single-or-double-column,docs/illustration-plans/chapter-27-illustration-plan.md
F27.12,27.12,27,Emergency and Winter Feeding,IV — Colony Management,Winter Feeding Decision Chart,decision_flow,BRIEF_READY,TO_BE_CREATED_OR_COMMISSIONED,PENDING_ASSET_REVIEW,double-column-or-full-page,docs/illustration-plans/chapter-27-illustration-plan.md
F28.01,28.1,28,Swarm Prevention,IV — Colony Management,Natural Swarm Cycle,scientific_illustration,BRIEF_READY,TO_BE_CREATED_OR_COMMISSIONED,PENDING_ASSET_REVIEW,single-or-double-column,docs/illustration-plans/chapter-28-illustration-plan.md
F28.02,28.2,28,Swarm Prevention,IV — Colony Management,Congestion Versus Empty Volume,comparison,BRIEF_READY,TO_BE_CREATED_OR_COMMISSIONED,PENDING_ASSET_REVIEW,double-column,docs/illustration-plans/chapter-28-illustration-plan.md
F28.03,28.3,28,Swarm Prevention,IV — Colony Management,Brood-Nest Restriction,scientific_illustration,BRIEF_READY,TO_BE_CREATED_OR_COMMISSIONED,PENDING_ASSET_REVIEW,single-or-double-column,docs/illustration-plans/chapter-28-illustration-plan.md
F28.04,28.4,28,Swarm Prevention,IV — Colony Management,Queen Cup Development,scientific_illustration,BRIEF_READY,TO_BE_CREATED_OR_COMMISSIONED,PENDING_ASSET_REVIEW,single-or-double-column,docs/illustration-plans/chapter-28-illustration-plan.md
F28.05,28.5,28,Swarm Prevention,IV — Colony Management,Queen-Cell Types,scientific_illustration,BRIEF_READY,TO_BE_CREATED_OR_COMMISSIONED,PENDING_ASSET_REVIEW,single-or-double-column,docs/illustration-plans/chapter-28-illustration-plan.md
F28.06,28.6,28,Swarm Prevention,IV — Colony Management,"Early, Intermediate and Advanced Preparation",scientific_illustration,BRIEF_READY,TO_BE_CREATED_OR_COMMISSIONED,PENDING_ASSET_REVIEW,single-or-double-column,docs/illustration-plans/chapter-28-illustration-plan.md
F28.07,28.7,28,Swarm Prevention,IV — Colony Management,Effective Supering,scientific_illustration,BRIEF_READY,TO_BE_CREATED_OR_COMMISSIONED,PENDING_ASSET_REVIEW,single-or-double-column,docs/illustration-plans/chapter-28-illustration-plan.md
F28.08,28.8,28,Swarm Prevention,IV — Colony Management,Opening the Brood Nest,scientific_illustration,BRIEF_READY,TO_BE_CREATED_OR_COMMISSIONED,PENDING_ASSET_REVIEW,single-or-double-column,docs/illustration-plans/chapter-28-illustration-plan.md
F28.09,28.9,28,Swarm Prevention,IV — Colony Management,Nucleus Formation,scientific_illustration,BRIEF_READY,TO_BE_CREATED_OR_COMMISSIONED,PENDING_ASSET_REVIEW,single-or-double-column,docs/illustration-plans/chapter-28-illustration-plan.md
F28.10,28.10,28,Swarm Prevention,IV — Colony Management,Artificial Swarm,scientific_illustration,BRIEF_READY,TO_BE_CREATED_OR_COMMISSIONED,PENDING_ASSET_REVIEW,single-or-double-column,docs/illustration-plans/chapter-28-illustration-plan.md
F28.11,28.11,28,Swarm Prevention,IV — Colony Management,Demaree-Type Arrangement,scientific_illustration,BRIEF_READY,TO_BE_CREATED_OR_COMMISSIONED,PENDING_ASSET_REVIEW,single-or-double-column,docs/illustration-plans/chapter-28-illustration-plan.md
F28.12,28.12,28,Swarm Prevention,IV — Colony Management,Horizontal Hive Expansion,scientific_illustration,BRIEF_READY,TO_BE_CREATED_OR_COMMISSIONED,PENDING_ASSET_REVIEW,single-or-double-column,docs/illustration-plans/chapter-28-illustration-plan.md
F28.13,28.13,28,Swarm Prevention,IV — Colony Management,Post-Intervention Inspection,scientific_illustration,BRIEF_READY,TO_BE_CREATED_OR_COMMISSIONED,PENDING_ASSET_REVIEW,single-or-double-column,docs/illustration-plans/chapter-28-illustration-plan.md
F29.01,29.1,29,Swarm Capture,IV — Colony Management,Swarm Reproductive Sequence,process,BRIEF_READY,TO_BE_CREATED_OR_COMMISSIONED,PENDING_ASSET_REVIEW,single-or-double-column,docs/illustration-plans/chapter-29-illustration-plan.md
F29.02,29.2,29,Swarm Capture,IV — Colony Management,Primary Swarm and Afterswarm,timeline,BRIEF_READY,TO_BE_CREATED_OR_COMMISSIONED,PENDING_ASSET_REVIEW,double-column-or-full-page,docs/illustration-plans/chapter-29-illustration-plan.md
F29.03,29.3,29,Swarm Capture,IV — Colony Management,Capture Safety Assessment,scientific_illustration,BRIEF_READY,TO_BE_CREATED_OR_COMMISSIONED,PENDING_ASSET_REVIEW,single-or-double-column,docs/illustration-plans/chapter-29-illustration-plan.md
F29.04,29.4,29,Swarm Capture,IV — Colony Management,Swarm Capture Equipment,scientific_illustration,BRIEF_READY,TO_BE_CREATED_OR_COMMISSIONED,PENDING_ASSET_REVIEW,single-or-double-column,docs/illustration-plans/chapter-29-illustration-plan.md
F29.05,29.5,29,Swarm Capture,IV — Colony Management,Low Branch Capture,process,BRIEF_READY,TO_BE_CREATED_OR_COMMISSIONED,PENDING_ASSET_REVIEW,single-or-double-column,docs/illustration-plans/chapter-29-illustration-plan.md
F29.06,29.6,29,Swarm Capture,IV — Colony Management,Wall and Fence Capture,scientific_illustration,BRIEF_READY,TO_BE_CREATED_OR_COMMISSIONED,PENDING_ASSET_REVIEW,single-or-double-column,docs/illustration-plans/chapter-29-illustration-plan.md
F29.07,29.7,29,Swarm Capture,IV — Colony Management,Sheet-and-Ramp Method,scientific_illustration,BRIEF_READY,TO_BE_CREATED_OR_COMMISSIONED,PENDING_ASSET_REVIEW,single-or-double-column,docs/illustration-plans/chapter-29-illustration-plan.md
F29.08,29.8,29,Swarm Capture,IV — Colony Management,Signs the Queen Is Inside,scientific_illustration,BRIEF_READY,TO_BE_CREATED_OR_COMMISSIONED,PENDING_ASSET_REVIEW,single-or-double-column,docs/illustration-plans/chapter-29-illustration-plan.md
F29.09,29.9,29,Swarm Capture,IV — Colony Management,Ventilated Transport Box,scientific_illustration,BRIEF_READY,TO_BE_CREATED_OR_COMMISSIONED,PENDING_ASSET_REVIEW,single-or-double-column,docs/illustration-plans/chapter-29-illustration-plan.md
F29.10,29.10,29,Swarm Capture,IV — Colony Management,Installing the Swarm,process,BRIEF_READY,TO_BE_CREATED_OR_COMMISSIONED,PENDING_ASSET_REVIEW,single-or-double-column,docs/illustration-plans/chapter-29-illustration-plan.md
F29.11,29.11,29,Swarm Capture,IV — Colony Management,"Drawn Comb, Foundation and Natural Comb",scientific_illustration,BRIEF_READY,TO_BE_CREATED_OR_COMMISSIONED,PENDING_ASSET_REVIEW,single-or-double-column,docs/illustration-plans/chapter-29-illustration-plan.md
F29.12,29.12,29,Swarm Capture,IV — Colony Management,Preventing Absconding,scientific_illustration,BRIEF_READY,TO_BE_CREATED_OR_COMMISSIONED,PENDING_ASSET_REVIEW,single-or-double-column,docs/illustration-plans/chapter-29-illustration-plan.md
F29.13,29.13,29,Swarm Capture,IV — Colony Management,Bait Hive Design,scientific_illustration,BRIEF_READY,TO_BE_CREATED_OR_COMMISSIONED,PENDING_ASSET_REVIEW,single-or-double-column,docs/illustration-plans/chapter-29-illustration-plan.md
F29.14,29.14,29,Swarm Capture,IV — Colony Management,Bait Hive Locations,scientific_illustration,BRIEF_READY,TO_BE_CREATED_OR_COMMISSIONED,PENDING_ASSET_REVIEW,single-or-double-column,docs/illustration-plans/chapter-29-illustration-plan.md
F29.15,29.15,29,Swarm Capture,IV — Colony Management,First Inspection,scientific_illustration,BRIEF_READY,TO_BE_CREATED_OR_COMMISSIONED,PENDING_ASSET_REVIEW,single-or-double-column,docs/illustration-plans/chapter-29-illustration-plan.md
F30.01,30.1,30,Splitting Colonies,IV — Colony Management,Resources Required for a Split,scientific_illustration,BRIEF_READY,TO_BE_CREATED_OR_COMMISSIONED,PENDING_ASSET_REVIEW,single-or-double-column,docs/illustration-plans/chapter-30-illustration-plan.md
F30.02,30.2,30,Splitting Colonies,IV — Colony Management,Donor Colony Assessment,scientific_illustration,BRIEF_READY,TO_BE_CREATED_OR_COMMISSIONED,PENDING_ASSET_REVIEW,single-or-double-column,docs/illustration-plans/chapter-30-illustration-plan.md
F30.03,30.3,30,Splitting Colonies,IV — Colony Management,Queen Strategy Comparison,comparison,BRIEF_READY,TO_BE_CREATED_OR_COMMISSIONED,PENDING_ASSET_REVIEW,double-column,docs/illustration-plans/chapter-30-illustration-plan.md
F30.04,30.4,30,Splitting Colonies,IV — Colony Management,Equal and Unequal Splits,scientific_illustration,BRIEF_READY,TO_BE_CREATED_OR_COMMISSIONED,PENDING_ASSET_REVIEW,single-or-double-column,docs/illustration-plans/chapter-30-illustration-plan.md
F30.05,30.5,30,Splitting Colonies,IV — Colony Management,Walk-Away Split,scientific_illustration,BRIEF_READY,TO_BE_CREATED_OR_COMMISSIONED,PENDING_ASSET_REVIEW,single-or-double-column,docs/illustration-plans/chapter-30-illustration-plan.md
F30.06,30.6,30,Splitting Colonies,IV — Colony Management,Mated-Queen Split,scientific_illustration,BRIEF_READY,TO_BE_CREATED_OR_COMMISSIONED,PENDING_ASSET_REVIEW,single-or-double-column,docs/illustration-plans/chapter-30-illustration-plan.md
F30.07,30.7,30,Splitting Colonies,IV — Colony Management,Queen-Cell Split,process,BRIEF_READY,TO_BE_CREATED_OR_COMMISSIONED,PENDING_ASSET_REVIEW,single-or-double-column,docs/illustration-plans/chapter-30-illustration-plan.md
F30.08,30.8,30,Splitting Colonies,IV — Colony Management,Brood Balance,scientific_illustration,BRIEF_READY,TO_BE_CREATED_OR_COMMISSIONED,PENDING_ASSET_REVIEW,single-or-double-column,docs/illustration-plans/chapter-30-illustration-plan.md
F30.09,30.9,30,Splitting Colonies,IV — Colony Management,Flying-Bee Drift,scientific_illustration,BRIEF_READY,TO_BE_CREATED_OR_COMMISSIONED,PENDING_ASSET_REVIEW,single-or-double-column,docs/illustration-plans/chapter-30-illustration-plan.md
F30.10,30.10,30,Splitting Colonies,IV — Colony Management,Same-Apiary and Remote Movement,scientific_illustration,BRIEF_READY,TO_BE_CREATED_OR_COMMISSIONED,PENDING_ASSET_REVIEW,single-or-double-column,docs/illustration-plans/chapter-30-illustration-plan.md
F30.11,30.11,30,Splitting Colonies,IV — Colony Management,Hive Volume,scientific_illustration,BRIEF_READY,TO_BE_CREATED_OR_COMMISSIONED,PENDING_ASSET_REVIEW,single-or-double-column,docs/illustration-plans/chapter-30-illustration-plan.md
F30.12,30.12,30,Splitting Colonies,IV — Colony Management,Queen Development Timeline,timeline,BRIEF_READY,TO_BE_CREATED_OR_COMMISSIONED,PENDING_ASSET_REVIEW,double-column-or-full-page,docs/illustration-plans/chapter-30-illustration-plan.md
F30.13,30.13,30,Splitting Colonies,IV — Colony Management,First Inspection,scientific_illustration,BRIEF_READY,TO_BE_CREATED_OR_COMMISSIONED,PENDING_ASSET_REVIEW,single-or-double-column,docs/illustration-plans/chapter-30-illustration-plan.md
F30.14,30.14,30,Splitting Colonies,IV — Colony Management,Failed Split Decision,decision_flow,BRIEF_READY,TO_BE_CREATED_OR_COMMISSIONED,PENDING_ASSET_REVIEW,double-column-or-full-page,docs/illustration-plans/chapter-30-illustration-plan.md
F30.15,30.15,30,Splitting Colonies,IV — Colony Management,Overwintering Split,scientific_illustration,BRIEF_READY,TO_BE_CREATED_OR_COMMISSIONED,PENDING_ASSET_REVIEW,single-or-double-column,docs/illustration-plans/chapter-30-illustration-plan.md
F31.01,31.1,31,Requeening,IV — Colony Management,Reasons for Requeening,scientific_illustration,BRIEF_READY,TO_BE_CREATED_OR_COMMISSIONED,PENDING_ASSET_REVIEW,single-or-double-column,docs/illustration-plans/chapter-31-illustration-plan.md
F31.02,31.2,31,Requeening,IV — Colony Management,Queen Failure Versus Other Problems,comparison,BRIEF_READY,TO_BE_CREATED_OR_COMMISSIONED,PENDING_ASSET_REVIEW,double-column,docs/illustration-plans/chapter-31-illustration-plan.md
F31.03,31.3,31,Requeening,IV — Colony Management,Drone-Laying Queen and Laying Workers,scientific_illustration,BRIEF_READY,TO_BE_CREATED_OR_COMMISSIONED,PENDING_ASSET_REVIEW,single-or-double-column,docs/illustration-plans/chapter-31-illustration-plan.md
F31.04,31.4,31,Requeening,IV — Colony Management,Queen Introduction Equipment,scientific_illustration,BRIEF_READY,TO_BE_CREATED_OR_COMMISSIONED,PENDING_ASSET_REVIEW,single-or-double-column,docs/illustration-plans/chapter-31-illustration-plan.md
F31.05,31.5,31,Requeening,IV — Colony Management,Finding and Removing the Old Queen,scientific_illustration,BRIEF_READY,TO_BE_CREATED_OR_COMMISSIONED,PENDING_ASSET_REVIEW,single-or-double-column,docs/illustration-plans/chapter-31-illustration-plan.md
F31.06,31.6,31,Requeening,IV — Colony Management,Correct Cage Placement,scientific_illustration,BRIEF_READY,TO_BE_CREATED_OR_COMMISSIONED,PENDING_ASSET_REVIEW,single-or-double-column,docs/illustration-plans/chapter-31-illustration-plan.md
F31.07,31.7,31,Requeening,IV — Colony Management,Acceptance and Rejection Behaviour,scientific_illustration,BRIEF_READY,TO_BE_CREATED_OR_COMMISSIONED,PENDING_ASSET_REVIEW,single-or-double-column,docs/illustration-plans/chapter-31-illustration-plan.md
F31.08,31.8,31,Requeening,IV — Colony Management,Candy Release,scientific_illustration,BRIEF_READY,TO_BE_CREATED_OR_COMMISSIONED,PENDING_ASSET_REVIEW,single-or-double-column,docs/illustration-plans/chapter-31-illustration-plan.md
F31.09,31.9,31,Requeening,IV — Colony Management,Push-In Cage,scientific_illustration,BRIEF_READY,TO_BE_CREATED_OR_COMMISSIONED,PENDING_ASSET_REVIEW,single-or-double-column,docs/illustration-plans/chapter-31-illustration-plan.md
F31.10,31.10,31,Requeening,IV — Colony Management,Introduction Through a Nucleus,scientific_illustration,BRIEF_READY,TO_BE_CREATED_OR_COMMISSIONED,PENDING_ASSET_REVIEW,single-or-double-column,docs/illustration-plans/chapter-31-illustration-plan.md
F31.11,31.11,31,Requeening,IV — Colony Management,Queen Development and Status Decision,decision_flow,BRIEF_READY,TO_BE_CREATED_OR_COMMISSIONED,PENDING_ASSET_REVIEW,double-column-or-full-page,docs/illustration-plans/chapter-31-illustration-plan.md
F31.12,31.12,31,Requeening,IV — Colony Management,Failed Introduction Decision,decision_flow,BRIEF_READY,TO_BE_CREATED_OR_COMMISSIONED,PENDING_ASSET_REVIEW,double-column-or-full-page,docs/illustration-plans/chapter-31-illustration-plan.md
F31.13,31.13,31,Requeening,IV — Colony Management,Queen Marking,scientific_illustration,BRIEF_READY,TO_BE_CREATED_OR_COMMISSIONED,PENDING_ASSET_REVIEW,single-or-double-column,docs/illustration-plans/chapter-31-illustration-plan.md
F31.14,31.14,31,Requeening,IV — Colony Management,Worker Replacement Timeline,timeline,BRIEF_READY,TO_BE_CREATED_OR_COMMISSIONED,PENDING_ASSET_REVIEW,double-column-or-full-page,docs/illustration-plans/chapter-31-illustration-plan.md
F31.15,31.15,31,Requeening,IV — Colony Management,Queen Record,scientific_illustration,BRIEF_READY,TO_BE_CREATED_OR_COMMISSIONED,PENDING_ASSET_REVIEW,single-or-double-column,docs/illustration-plans/chapter-31-illustration-plan.md
F32.01,32.1,32,Queen Rearing,IV — Colony Management,Queen Development Timeline,timeline,BRIEF_READY,TO_BE_CREATED_OR_COMMISSIONED,PENDING_ASSET_REVIEW,double-column-or-full-page,docs/illustration-plans/chapter-32-illustration-plan.md
F32.02,32.2,32,Queen Rearing,IV — Colony Management,Larval Age Selection,scientific_illustration,BRIEF_READY,TO_BE_CREATED_OR_COMMISSIONED,PENDING_ASSET_REVIEW,single-or-double-column,docs/illustration-plans/chapter-32-illustration-plan.md
F32.03,32.3,32,Queen Rearing,IV — Colony Management,Breeder-Colony Selection,scientific_illustration,BRIEF_READY,TO_BE_CREATED_OR_COMMISSIONED,PENDING_ASSET_REVIEW,single-or-double-column,docs/illustration-plans/chapter-32-illustration-plan.md
F32.04,32.4,32,Queen Rearing,IV — Colony Management,Maternal and Paternal Genetics,scientific_illustration,BRIEF_READY,TO_BE_CREATED_OR_COMMISSIONED,PENDING_ASSET_REVIEW,single-or-double-column,docs/illustration-plans/chapter-32-illustration-plan.md
F32.05,32.5,32,Queen Rearing,IV — Colony Management,Starter and Finisher Colonies,scientific_illustration,BRIEF_READY,TO_BE_CREATED_OR_COMMISSIONED,PENDING_ASSET_REVIEW,single-or-double-column,docs/illustration-plans/chapter-32-illustration-plan.md
F32.06,32.6,32,Queen Rearing,IV — Colony Management,Grafting Sequence,process,BRIEF_READY,TO_BE_CREATED_OR_COMMISSIONED,PENDING_ASSET_REVIEW,single-or-double-column,docs/illustration-plans/chapter-32-illustration-plan.md
F32.07,32.7,32,Queen Rearing,IV — Colony Management,Grafting Tools,scientific_illustration,BRIEF_READY,TO_BE_CREATED_OR_COMMISSIONED,PENDING_ASSET_REVIEW,single-or-double-column,docs/illustration-plans/chapter-32-illustration-plan.md
F32.08,32.8,32,Queen Rearing,IV — Colony Management,Accepted and Rejected Cells,scientific_illustration,BRIEF_READY,TO_BE_CREATED_OR_COMMISSIONED,PENDING_ASSET_REVIEW,single-or-double-column,docs/illustration-plans/chapter-32-illustration-plan.md
F32.09,32.9,32,Queen Rearing,IV — Colony Management,Non-Grafting Methods,scientific_illustration,BRIEF_READY,TO_BE_CREATED_OR_COMMISSIONED,PENDING_ASSET_REVIEW,single-or-double-column,docs/illustration-plans/chapter-32-illustration-plan.md
F32.10,32.10,32,Queen Rearing,IV — Colony Management,Queen-Cell Protection,process,BRIEF_READY,TO_BE_CREATED_OR_COMMISSIONED,PENDING_ASSET_REVIEW,single-or-double-column,docs/illustration-plans/chapter-32-illustration-plan.md
F32.11,32.11,32,Queen Rearing,IV — Colony Management,Mating Nucleus,scientific_illustration,BRIEF_READY,TO_BE_CREATED_OR_COMMISSIONED,PENDING_ASSET_REVIEW,single-or-double-column,docs/illustration-plans/chapter-32-illustration-plan.md
F32.12,32.12,32,Queen Rearing,IV — Colony Management,Mating-Apiary Layout,map_landscape,BRIEF_READY,TO_BE_CREATED_OR_COMMISSIONED,PENDING_ASSET_REVIEW,double-column-or-full-page,docs/illustration-plans/chapter-32-illustration-plan.md
F32.13,32.13,32,Queen Rearing,IV — Colony Management,Queen Mating,scientific_illustration,BRIEF_READY,TO_BE_CREATED_OR_COMMISSIONED,PENDING_ASSET_REVIEW,single-or-double-column,docs/illustration-plans/chapter-32-illustration-plan.md
F32.14,32.14,32,Queen Rearing,IV — Colony Management,Newly Mated Queen Evaluation,scientific_illustration,BRIEF_READY,TO_BE_CREATED_OR_COMMISSIONED,PENDING_ASSET_REVIEW,single-or-double-column,docs/illustration-plans/chapter-32-illustration-plan.md
F32.15,32.15,32,Queen Rearing,IV — Colony Management,Queen-Rearing Record,scientific_illustration,BRIEF_READY,TO_BE_CREATED_OR_COMMISSIONED,PENDING_ASSET_REVIEW,single-or-double-column,docs/illustration-plans/chapter-32-illustration-plan.md
F33.01,33.1,33,Moving Colonies,IV — Colony Management,Short and Long Moves,scientific_illustration,BRIEF_READY,TO_BE_CREATED_OR_COMMISSIONED,PENDING_ASSET_REVIEW,single-or-double-column,docs/illustration-plans/chapter-33-illustration-plan.md
F33.02,33.2,33,Moving Colonies,IV — Colony Management,Worker Orientation,scientific_illustration,BRIEF_READY,TO_BE_CREATED_OR_COMMISSIONED,PENDING_ASSET_REVIEW,single-or-double-column,docs/illustration-plans/chapter-33-illustration-plan.md
F33.03,33.3,33,Moving Colonies,IV — Colony Management,Hive Transport Preparation,scientific_illustration,BRIEF_READY,TO_BE_CREATED_OR_COMMISSIONED,PENDING_ASSET_REVIEW,single-or-double-column,docs/illustration-plans/chapter-33-illustration-plan.md
F33.04,33.4,33,Moving Colonies,IV — Colony Management,Correct and Incorrect Entrance Closure,scientific_illustration,BRIEF_READY,TO_BE_CREATED_OR_COMMISSIONED,PENDING_ASSET_REVIEW,single-or-double-column,docs/illustration-plans/chapter-33-illustration-plan.md
F33.05,33.5,33,Moving Colonies,IV — Colony Management,Natural-Comb Transport,scientific_illustration,BRIEF_READY,TO_BE_CREATED_OR_COMMISSIONED,PENDING_ASSET_REVIEW,single-or-double-column,docs/illustration-plans/chapter-33-illustration-plan.md
F33.06,33.6,33,Moving Colonies,IV — Colony Management,Vehicle Loading,scientific_illustration,BRIEF_READY,TO_BE_CREATED_OR_COMMISSIONED,PENDING_ASSET_REVIEW,single-or-double-column,docs/illustration-plans/chapter-33-illustration-plan.md
F33.07,33.7,33,Moving Colonies,IV — Colony Management,Manual Handling,process,BRIEF_READY,TO_BE_CREATED_OR_COMMISSIONED,PENDING_ASSET_REVIEW,single-or-double-column,docs/illustration-plans/chapter-33-illustration-plan.md
F33.08,33.8,33,Moving Colonies,IV — Colony Management,Heat Risk,scientific_illustration,BRIEF_READY,TO_BE_CREATED_OR_COMMISSIONED,PENDING_ASSET_REVIEW,single-or-double-column,docs/illustration-plans/chapter-33-illustration-plan.md
F33.09,33.9,33,Moving Colonies,IV — Colony Management,Destination Preparation,scientific_illustration,BRIEF_READY,TO_BE_CREATED_OR_COMMISSIONED,PENDING_ASSET_REVIEW,single-or-double-column,docs/illustration-plans/chapter-33-illustration-plan.md
F33.10,33.10,33,Moving Colonies,IV — Colony Management,Reorientation Obstruction,scientific_illustration,BRIEF_READY,TO_BE_CREATED_OR_COMMISSIONED,PENDING_ASSET_REVIEW,single-or-double-column,docs/illustration-plans/chapter-33-illustration-plan.md
F33.11,33.11,33,Moving Colonies,IV — Colony Management,Moving Within an Apiary,scientific_illustration,BRIEF_READY,TO_BE_CREATED_OR_COMMISSIONED,PENDING_ASSET_REVIEW,single-or-double-column,docs/illustration-plans/chapter-33-illustration-plan.md
F33.12,33.12,33,Moving Colonies,IV — Colony Management,Emergency Box Separation,process,BRIEF_READY,TO_BE_CREATED_OR_COMMISSIONED,PENDING_ASSET_REVIEW,single-or-double-column,docs/illustration-plans/chapter-33-illustration-plan.md
F33.13,33.13,33,Moving Colonies,IV — Colony Management,Unloading Sequence,process,BRIEF_READY,TO_BE_CREATED_OR_COMMISSIONED,PENDING_ASSET_REVIEW,single-or-double-column,docs/illustration-plans/chapter-33-illustration-plan.md
F33.14,33.14,33,Moving Colonies,IV — Colony Management,Post-Move Inspection,scientific_illustration,BRIEF_READY,TO_BE_CREATED_OR_COMMISSIONED,PENDING_ASSET_REVIEW,single-or-double-column,docs/illustration-plans/chapter-33-illustration-plan.md
F33.15,33.15,33,Moving Colonies,IV — Colony Management,Movement Record,scientific_illustration,BRIEF_READY,TO_BE_CREATED_OR_COMMISSIONED,PENDING_ASSET_REVIEW,single-or-double-column,docs/illustration-plans/chapter-33-illustration-plan.md
F34.01,34.1,34,Seasonal Beekeeping Calendar,IV — Colony Management,The Biological Colony Year,timeline,BRIEF_READY,TO_BE_CREATED_OR_COMMISSIONED,PENDING_ASSET_REVIEW,double-column-or-full-page,docs/illustration-plans/chapter-34-illustration-plan.md
F34.02,34.2,34,Seasonal Beekeeping Calendar,IV — Colony Management,Seasonal Decision Framework,decision_flow,BRIEF_READY,TO_BE_CREATED_OR_COMMISSIONED,PENDING_ASSET_REVIEW,double-column-or-full-page,docs/illustration-plans/chapter-34-illustration-plan.md
F34.03,34.3,34,Seasonal Beekeeping Calendar,IV — Colony Management,Northern and Southern Hemisphere Calendar Comparison,timeline,BRIEF_READY,TO_BE_CREATED_OR_COMMISSIONED,PENDING_ASSET_REVIEW,double-column-or-full-page,docs/illustration-plans/chapter-34-illustration-plan.md
F34.04,34.4,34,Seasonal Beekeeping Calendar,IV — Colony Management,Seasonal Inspection Objectives,process,BRIEF_READY,TO_BE_CREATED_OR_COMMISSIONED,PENDING_ASSET_REVIEW,single-or-double-column,docs/illustration-plans/chapter-34-illustration-plan.md
F34.05,34.5,34,Seasonal Beekeeping Calendar,IV — Colony Management,"Population, Brood, Stores, and Parasite Pressure",chart_data,BRIEF_READY,TO_BE_CREATED_OR_COMMISSIONED,PENDING_ASSET_REVIEW,double-column-or-full-page,docs/illustration-plans/chapter-34-illustration-plan.md
F34.06,34.6,34,Seasonal Beekeeping Calendar,IV — Colony Management,One-Phase-Ahead Planning,chart_data,BRIEF_READY,TO_BE_CREATED_OR_COMMISSIONED,PENDING_ASSET_REVIEW,double-column-or-full-page,docs/illustration-plans/chapter-34-illustration-plan.md
F34.07,34.7,34,Seasonal Beekeeping Calendar,IV — Colony Management,Seasonal Equipment Readiness,timeline,BRIEF_READY,TO_BE_CREATED_OR_COMMISSIONED,PENDING_ASSET_REVIEW,double-column-or-full-page,docs/illustration-plans/chapter-34-illustration-plan.md
F35.01,35.1,35,Monthly Management Tasks,IV — Colony Management,Twelve-Month Management Wheel,timeline,BRIEF_READY,TO_BE_CREATED_OR_COMMISSIONED,PENDING_ASSET_REVIEW,double-column-or-full-page,docs/illustration-plans/chapter-35-illustration-plan.md
F35.02,35.2,35,Monthly Management Tasks,IV — Colony Management,Monthly Priority Matrix,chart_data,BRIEF_READY,TO_BE_CREATED_OR_COMMISSIONED,PENDING_ASSET_REVIEW,double-column-or-full-page,docs/illustration-plans/chapter-35-illustration-plan.md
F35.03,35.3,35,Monthly Management Tasks,IV — Colony Management,One-Month-Ahead Equipment Planning,chart_data,BRIEF_READY,TO_BE_CREATED_OR_COMMISSIONED,PENDING_ASSET_REVIEW,double-column-or-full-page,docs/illustration-plans/chapter-35-illustration-plan.md
F35.04,35.4,35,Monthly Management Tasks,IV — Colony Management,Monthly Inspection Record,scientific_illustration,BRIEF_READY,TO_BE_CREATED_OR_COMMISSIONED,PENDING_ASSET_REVIEW,single-or-double-column,docs/illustration-plans/chapter-35-illustration-plan.md
F35.05,35.5,35,Monthly Management Tasks,IV — Colony Management,Northern and Southern Month Conversion,timeline,BRIEF_READY,TO_BE_CREATED_OR_COMMISSIONED,PENDING_ASSET_REVIEW,double-column-or-full-page,docs/illustration-plans/chapter-35-illustration-plan.md
F35.06,35.6,35,Monthly Management Tasks,IV — Colony Management,Monthly Task Priority System,chart_data,BRIEF_READY,TO_BE_CREATED_OR_COMMISSIONED,PENDING_ASSET_REVIEW,double-column-or-full-page,docs/illustration-plans/chapter-35-illustration-plan.md
F36.01,36.1,36,Record Keeping,IV — Colony Management,Complete Apiary Record System,scientific_illustration,BRIEF_READY,TO_BE_CREATED_OR_COMMISSIONED,PENDING_ASSET_REVIEW,single-or-double-column,docs/illustration-plans/chapter-36-illustration-plan.md
F36.02,36.2,36,Record Keeping,IV — Colony Management,Colony Inspection Record Sheet,scientific_illustration,BRIEF_READY,TO_BE_CREATED_OR_COMMISSIONED,PENDING_ASSET_REVIEW,single-or-double-column,docs/illustration-plans/chapter-36-illustration-plan.md
F36.03,36.3,36,Record Keeping,IV — Colony Management,Identification Hierarchy,chart_data,BRIEF_READY,TO_BE_CREATED_OR_COMMISSIONED,PENDING_ASSET_REVIEW,double-column-or-full-page,docs/illustration-plans/chapter-36-illustration-plan.md
F36.04,36.4,36,Record Keeping,IV — Colony Management,"Paper, Digital, and Hybrid Systems",comparison,BRIEF_READY,TO_BE_CREATED_OR_COMMISSIONED,PENDING_ASSET_REVIEW,double-column,docs/illustration-plans/chapter-36-illustration-plan.md
F36.05,36.5,36,Record Keeping,IV — Colony Management,Treatment Traceability Chain,decision_flow,BRIEF_READY,TO_BE_CREATED_OR_COMMISSIONED,PENDING_ASSET_REVIEW,double-column-or-full-page,docs/illustration-plans/chapter-36-illustration-plan.md
F36.06,36.6,36,Record Keeping,IV — Colony Management,Honey Batch Traceability,process,BRIEF_READY,TO_BE_CREATED_OR_COMMISSIONED,PENDING_ASSET_REVIEW,single-or-double-column,docs/illustration-plans/chapter-36-illustration-plan.md
F36.07,36.7,36,Record Keeping,IV — Colony Management,Record Review Cycle,decision_flow,BRIEF_READY,TO_BE_CREATED_OR_COMMISSIONED,PENDING_ASSET_REVIEW,double-column-or-full-page,docs/illustration-plans/chapter-36-illustration-plan.md
F37.01,37.1,37,Common Beginner Mistakes,IV — Colony Management,Inspection Mistakes,process,BRIEF_READY,TO_BE_CREATED_OR_COMMISSIONED,PENDING_ASSET_REVIEW,single-or-double-column,docs/illustration-plans/chapter-37-illustration-plan.md
F37.02,37.2,37,Common Beginner Mistakes,IV — Colony Management,Space Management Errors,comparison,BRIEF_READY,TO_BE_CREATED_OR_COMMISSIONED,PENDING_ASSET_REVIEW,double-column,docs/illustration-plans/chapter-37-illustration-plan.md
F37.03,37.3,37,Common Beginner Mistakes,IV — Colony Management,Queen-Cell Decision Guide,decision_flow,BRIEF_READY,TO_BE_CREATED_OR_COMMISSIONED,PENDING_ASSET_REVIEW,double-column-or-full-page,docs/illustration-plans/chapter-37-illustration-plan.md
F37.04,37.4,37,Common Beginner Mistakes,IV — Colony Management,Feeding and Robbing Risks,chart_data,BRIEF_READY,TO_BE_CREATED_OR_COMMISSIONED,PENDING_ASSET_REVIEW,double-column-or-full-page,docs/illustration-plans/chapter-37-illustration-plan.md
F37.05,37.5,37,Common Beginner Mistakes,IV — Colony Management,Delayed Parasite Management,chart_data,BRIEF_READY,TO_BE_CREATED_OR_COMMISSIONED,PENDING_ASSET_REVIEW,double-column-or-full-page,docs/illustration-plans/chapter-37-illustration-plan.md
F37.06,37.6,37,Common Beginner Mistakes,IV — Colony Management,Harvest Mistakes,comparison,BRIEF_READY,TO_BE_CREATED_OR_COMMISSIONED,PENDING_ASSET_REVIEW,double-column,docs/illustration-plans/chapter-37-illustration-plan.md
F37.07,37.7,37,Common Beginner Mistakes,IV — Colony Management,Mistake Correction Cycle,chart_data,BRIEF_READY,TO_BE_CREATED_OR_COMMISSIONED,PENDING_ASSET_REVIEW,double-column-or-full-page,docs/illustration-plans/chapter-37-illustration-plan.md
F38.01,38.1,38,Emergency Colony Problems,IV — Colony Management,Emergency Triage Sequence,decision_flow,BRIEF_READY,TO_BE_CREATED_OR_COMMISSIONED,PENDING_ASSET_REVIEW,double-column-or-full-page,docs/illustration-plans/chapter-38-illustration-plan.md
F38.02,38.2,38,Emergency Colony Problems,IV — Colony Management,Starvation Versus Accessible Stores,comparison,BRIEF_READY,TO_BE_CREATED_OR_COMMISSIONED,PENDING_ASSET_REVIEW,double-column,docs/illustration-plans/chapter-38-illustration-plan.md
F38.03,38.3,38,Emergency Colony Problems,IV — Colony Management,Severe Robbing at the Entrance,scientific_illustration,BRIEF_READY,TO_BE_CREATED_OR_COMMISSIONED,PENDING_ASSET_REVIEW,single-or-double-column,docs/illustration-plans/chapter-38-illustration-plan.md
F38.04,38.4,38,Emergency Colony Problems,IV — Colony Management,Transport Overheating,comparison,BRIEF_READY,TO_BE_CREATED_OR_COMMISSIONED,PENDING_ASSET_REVIEW,double-column,docs/illustration-plans/chapter-38-illustration-plan.md
F38.05,38.5,38,Emergency Colony Problems,IV — Colony Management,Comb Collapse and Frame Handling,process,BRIEF_READY,TO_BE_CREATED_OR_COMMISSIONED,PENDING_ASSET_REVIEW,single-or-double-column,docs/illustration-plans/chapter-38-illustration-plan.md
F38.06,38.6,38,Emergency Colony Problems,IV — Colony Management,Storm-Damaged Hive Recovery,process,BRIEF_READY,TO_BE_CREATED_OR_COMMISSIONED,PENDING_ASSET_REVIEW,single-or-double-column,docs/illustration-plans/chapter-38-illustration-plan.md
F38.07,38.7,38,Emergency Colony Problems,IV — Colony Management,Sudden Mortality Evidence Map,map_landscape,BRIEF_READY,TO_BE_CREATED_OR_COMMISSIONED,PENDING_ASSET_REVIEW,double-column-or-full-page,docs/illustration-plans/chapter-38-illustration-plan.md
F38.08,38.8,38,Emergency Colony Problems,IV — Colony Management,Suspected Disease Biosecurity Zone,map_landscape,BRIEF_READY,TO_BE_CREATED_OR_COMMISSIONED,PENDING_ASSET_REVIEW,double-column-or-full-page,docs/illustration-plans/chapter-38-illustration-plan.md
F38.09,38.9,38,Emergency Colony Problems,IV — Colony Management,Emergency Record Sheet Example,chart_data,BRIEF_READY,TO_BE_CREATED_OR_COMMISSIONED,PENDING_ASSET_REVIEW,double-column-or-full-page,docs/illustration-plans/chapter-38-illustration-plan.md
F38.10,38.10,38,Emergency Colony Problems,IV — Colony Management,Recovery Monitoring Timeline,timeline,BRIEF_READY,TO_BE_CREATED_OR_COMMISSIONED,PENDING_ASSET_REVIEW,double-column-or-full-page,docs/illustration-plans/chapter-38-illustration-plan.md
F39.01,39.1,39,Diseases,V — Bee Health,Disease Investigation Framework,decision_flow,BRIEF_READY,TO_BE_CREATED_OR_COMMISSIONED,PENDING_ASSET_REVIEW,double-column-or-full-page,docs/illustration-plans/chapter-39-illustration-plan.md
F39.02,39.2,39,Diseases,V — Bee Health,Healthy Brood Reference,comparison,BRIEF_READY,TO_BE_CREATED_OR_COMMISSIONED,PENDING_ASSET_REVIEW,double-column,docs/illustration-plans/chapter-39-illustration-plan.md
F39.03,39.3,39,Diseases,V — Bee Health,Patchy Brood Has Multiple Causes,scientific_illustration,BRIEF_READY,TO_BE_CREATED_OR_COMMISSIONED,PENDING_ASSET_REVIEW,single-or-double-column,docs/illustration-plans/chapter-39-illustration-plan.md
F39.04,39.4,39,Diseases,V — Bee Health,American Foulbrood Suspicion Features,scientific_illustration,BRIEF_READY,TO_BE_CREATED_OR_COMMISSIONED,PENDING_ASSET_REVIEW,single-or-double-column,docs/illustration-plans/chapter-39-illustration-plan.md
F39.05,39.5,39,Diseases,V — Bee Health,European Foulbrood Suspicion Features,scientific_illustration,BRIEF_READY,TO_BE_CREATED_OR_COMMISSIONED,PENDING_ASSET_REVIEW,single-or-double-column,docs/illustration-plans/chapter-39-illustration-plan.md
F39.06,39.6,39,Diseases,V — Bee Health,AFB and EFB Comparison,chart_data,BRIEF_READY,TO_BE_CREATED_OR_COMMISSIONED,PENDING_ASSET_REVIEW,double-column-or-full-page,docs/illustration-plans/chapter-39-illustration-plan.md
F39.07,39.7,39,Diseases,V — Bee Health,Chalkbrood Progression,scientific_illustration,BRIEF_READY,TO_BE_CREATED_OR_COMMISSIONED,PENDING_ASSET_REVIEW,single-or-double-column,docs/illustration-plans/chapter-39-illustration-plan.md
F39.08,39.8,39,Diseases,V — Bee Health,Sacbrood Larva,scientific_illustration,BRIEF_READY,TO_BE_CREATED_OR_COMMISSIONED,PENDING_ASSET_REVIEW,single-or-double-column,docs/illustration-plans/chapter-39-illustration-plan.md
F39.09,39.9,39,Diseases,V — Bee Health,Adult-Bee Warning Signs,scientific_illustration,BRIEF_READY,TO_BE_CREATED_OR_COMMISSIONED,PENDING_ASSET_REVIEW,single-or-double-column,docs/illustration-plans/chapter-39-illustration-plan.md
F39.10,39.10,39,Diseases,V — Bee Health,Correct Sampling and Labelling,process,BRIEF_READY,TO_BE_CREATED_OR_COMMISSIONED,PENDING_ASSET_REVIEW,single-or-double-column,docs/illustration-plans/chapter-39-illustration-plan.md
F39.11,39.11,39,Diseases,V — Bee Health,Apiary Biosecurity Flow,scientific_illustration,BRIEF_READY,TO_BE_CREATED_OR_COMMISSIONED,PENDING_ASSET_REVIEW,single-or-double-column,docs/illustration-plans/chapter-39-illustration-plan.md
F39.12,39.12,39,Diseases,V — Bee Health,Routes of Disease Spread,process,BRIEF_READY,TO_BE_CREATED_OR_COMMISSIONED,PENDING_ASSET_REVIEW,single-or-double-column,docs/illustration-plans/chapter-39-illustration-plan.md
F39.13,39.13,39,Diseases,V — Bee Health,Differential Diagnosis Matrix,chart_data,BRIEF_READY,TO_BE_CREATED_OR_COMMISSIONED,PENDING_ASSET_REVIEW,double-column-or-full-page,docs/illustration-plans/chapter-39-illustration-plan.md
F39.14,39.14,39,Diseases,V — Bee Health,Disease Event Record and Apiary Map,map_landscape,BRIEF_READY,TO_BE_CREATED_OR_COMMISSIONED,PENDING_ASSET_REVIEW,double-column-or-full-page,docs/illustration-plans/chapter-39-illustration-plan.md
F40.01,40.1,40,Parasites,V — Bee Health,"Parasite, Pathogen, Pest, and Predator",chart_data,BRIEF_READY,TO_BE_CREATED_OR_COMMISSIONED,PENDING_ASSET_REVIEW,double-column-or-full-page,docs/illustration-plans/chapter-40-illustration-plan.md
F40.02,40.2,40,Parasites,V — Bee Health,Adult Female Varroa,scientific_illustration,BRIEF_READY,TO_BE_CREATED_OR_COMMISSIONED,PENDING_ASSET_REVIEW,single-or-double-column,docs/illustration-plans/chapter-40-illustration-plan.md
F40.03,40.3,40,Parasites,V — Bee Health,Varroa Reproductive Cycle,life_cycle,BRIEF_READY,TO_BE_CREATED_OR_COMMISSIONED,PENDING_ASSET_REVIEW,double-column-or-full-page,docs/illustration-plans/chapter-40-illustration-plan.md
F40.04,40.4,40,Parasites,V — Bee Health,Varroa on Adult Bees,anatomical,BRIEF_READY,TO_BE_CREATED_OR_COMMISSIONED,PENDING_ASSET_REVIEW,double-column,docs/illustration-plans/chapter-40-illustration-plan.md
F40.05,40.5,40,Parasites,V — Bee Health,Direct and Indirect Varroa Damage,scientific_illustration,BRIEF_READY,TO_BE_CREATED_OR_COMMISSIONED,PENDING_ASSET_REVIEW,single-or-double-column,docs/illustration-plans/chapter-40-illustration-plan.md
F40.06,40.6,40,Parasites,V — Bee Health,Varroa Spread Between Colonies,scientific_illustration,BRIEF_READY,TO_BE_CREATED_OR_COMMISSIONED,PENDING_ASSET_REVIEW,single-or-double-column,docs/illustration-plans/chapter-40-illustration-plan.md
F40.07,40.7,40,Parasites,V — Bee Health,Varroa and Tropilaelaps Comparison,comparison,BRIEF_READY,TO_BE_CREATED_OR_COMMISSIONED,PENDING_ASSET_REVIEW,double-column,docs/illustration-plans/chapter-40-illustration-plan.md
F40.08,40.8,40,Parasites,V — Bee Health,Tropilaelaps Life Cycle and Brood Dependence,life_cycle,BRIEF_READY,TO_BE_CREATED_OR_COMMISSIONED,PENDING_ASSET_REVIEW,double-column-or-full-page,docs/illustration-plans/chapter-40-illustration-plan.md
F40.09,40.9,40,Parasites,V — Bee Health,Tropilaelaps Surveillance Map Concept,map_landscape,BRIEF_READY,TO_BE_CREATED_OR_COMMISSIONED,PENDING_ASSET_REVIEW,double-column-or-full-page,docs/illustration-plans/chapter-40-illustration-plan.md
F40.10,40.10,40,Parasites,V — Bee Health,Tracheal Mite Location,anatomical,BRIEF_READY,TO_BE_CREATED_OR_COMMISSIONED,PENDING_ASSET_REVIEW,double-column,docs/illustration-plans/chapter-40-illustration-plan.md
F40.11,40.11,40,Parasites,V — Bee Health,Tracheal Dissection Concept,comparison,BRIEF_READY,TO_BE_CREATED_OR_COMMISSIONED,PENDING_ASSET_REVIEW,double-column,docs/illustration-plans/chapter-40-illustration-plan.md
F40.12,40.12,40,Parasites,V — Bee Health,Not Every Hive Mite Is Varroa,scientific_illustration,BRIEF_READY,TO_BE_CREATED_OR_COMMISSIONED,PENDING_ASSET_REVIEW,single-or-double-column,docs/illustration-plans/chapter-40-illustration-plan.md
F40.13,40.13,40,Parasites,V — Bee Health,Monitoring Method Matches the Question,decision_flow,BRIEF_READY,TO_BE_CREATED_OR_COMMISSIONED,PENDING_ASSET_REVIEW,double-column-or-full-page,docs/illustration-plans/chapter-40-illustration-plan.md
F40.14,40.14,40,Parasites,V — Bee Health,Parasite Biosecurity for Purchased Bees and Brood,scientific_illustration,BRIEF_READY,TO_BE_CREATED_OR_COMMISSIONED,PENDING_ASSET_REVIEW,single-or-double-column,docs/illustration-plans/chapter-40-illustration-plan.md
F41.01,41.1,41,Varroa Destructor,V — Bee Health,Varroa Life Cycle in Worker Brood,life_cycle,BRIEF_READY,TO_BE_CREATED_OR_COMMISSIONED,PENDING_ASSET_REVIEW,double-column-or-full-page,docs/illustration-plans/chapter-41-illustration-plan.md
F41.02,41.2,41,Varroa Destructor,V — Bee Health,Worker Versus Drone Brood,timeline,BRIEF_READY,TO_BE_CREATED_OR_COMMISSIONED,PENDING_ASSET_REVIEW,double-column-or-full-page,docs/illustration-plans/chapter-41-illustration-plan.md
F41.03,41.3,41,Varroa Destructor,V — Bee Health,Adult-Bee Feeding Site,anatomical,BRIEF_READY,TO_BE_CREATED_OR_COMMISSIONED,PENDING_ASSET_REVIEW,double-column,docs/illustration-plans/chapter-41-illustration-plan.md
F41.04,41.4,41,Varroa Destructor,V — Bee Health,Varroa–Virus–Colony Decline Pathway,scientific_illustration,BRIEF_READY,TO_BE_CREATED_OR_COMMISSIONED,PENDING_ASSET_REVIEW,single-or-double-column,docs/illustration-plans/chapter-41-illustration-plan.md
F41.05,41.5,41,Varroa Destructor,V — Bee Health,Seasonal Mite-to-Bee Ratio,chart_data,BRIEF_READY,TO_BE_CREATED_OR_COMMISSIONED,PENDING_ASSET_REVIEW,double-column-or-full-page,docs/illustration-plans/chapter-41-illustration-plan.md
F41.06,41.6,41,Varroa Destructor,V — Bee Health,Adult-Bee Wash Procedure,process,BRIEF_READY,TO_BE_CREATED_OR_COMMISSIONED,PENDING_ASSET_REVIEW,single-or-double-column,docs/illustration-plans/chapter-41-illustration-plan.md
F41.07,41.7,41,Varroa Destructor,V — Bee Health,Monitoring Methods Compared,comparison,BRIEF_READY,TO_BE_CREATED_OR_COMMISSIONED,PENDING_ASSET_REVIEW,double-column,docs/illustration-plans/chapter-41-illustration-plan.md
F41.08,41.8,41,Varroa Destructor,V — Bee Health,Mites per 100 Bees Calculation,decision_flow,BRIEF_READY,TO_BE_CREATED_OR_COMMISSIONED,PENDING_ASSET_REVIEW,double-column-or-full-page,docs/illustration-plans/chapter-41-illustration-plan.md
F41.09,41.9,41,Varroa Destructor,V — Bee Health,Why Thresholds Are Contextual,decision_flow,BRIEF_READY,TO_BE_CREATED_OR_COMMISSIONED,PENDING_ASSET_REVIEW,double-column-or-full-page,docs/illustration-plans/chapter-41-illustration-plan.md
F41.10,41.10,41,Varroa Destructor,V — Bee Health,Varroa Control Categories,chart_data,BRIEF_READY,TO_BE_CREATED_OR_COMMISSIONED,PENDING_ASSET_REVIEW,double-column-or-full-page,docs/illustration-plans/chapter-41-illustration-plan.md
F41.11,41.11,41,Varroa Destructor,V — Bee Health,Treatment Failure Versus Reinvasion,timeline,BRIEF_READY,TO_BE_CREATED_OR_COMMISSIONED,PENDING_ASSET_REVIEW,double-column-or-full-page,docs/illustration-plans/chapter-41-illustration-plan.md
F41.12,41.12,41,Varroa Destructor,V — Bee Health,Acaricide Resistance Selection,process,BRIEF_READY,TO_BE_CREATED_OR_COMMISSIONED,PENDING_ASSET_REVIEW,single-or-double-column,docs/illustration-plans/chapter-41-illustration-plan.md
F41.13,41.13,41,Varroa Destructor,V — Bee Health,Honey-Super and Temperature Decision Check,decision_flow,BRIEF_READY,TO_BE_CREATED_OR_COMMISSIONED,PENDING_ASSET_REVIEW,double-column-or-full-page,docs/illustration-plans/chapter-41-illustration-plan.md
F41.14,41.14,41,Varroa Destructor,V — Bee Health,Apiary Varroa Map,map_landscape,BRIEF_READY,TO_BE_CREATED_OR_COMMISSIONED,PENDING_ASSET_REVIEW,double-column-or-full-page,docs/illustration-plans/chapter-41-illustration-plan.md
F42.01,42.1,42,Nosema,V — Bee Health,Nosema Life Cycle in an Adult Bee,life_cycle,BRIEF_READY,TO_BE_CREATED_OR_COMMISSIONED,PENDING_ASSET_REVIEW,double-column-or-full-page,docs/illustration-plans/chapter-42-illustration-plan.md
F42.02,42.2,42,Nosema,V — Bee Health,Nosema/Vairimorpha Naming,scientific_illustration,BRIEF_READY,TO_BE_CREATED_OR_COMMISSIONED,PENDING_ASSET_REVIEW,single-or-double-column,docs/illustration-plans/chapter-42-illustration-plan.md
F42.03,42.3,42,Nosema,V — Bee Health,Healthy Versus Heavily Affected Midgut Concept,comparison,BRIEF_READY,TO_BE_CREATED_OR_COMMISSIONED,PENDING_ASSET_REVIEW,double-column,docs/illustration-plans/chapter-42-illustration-plan.md
F42.04,42.4,42,Nosema,V — Bee Health,Dysentery Is Not a Diagnosis,scientific_illustration,BRIEF_READY,TO_BE_CREATED_OR_COMMISSIONED,PENDING_ASSET_REVIEW,single-or-double-column,docs/illustration-plans/chapter-42-illustration-plan.md
F42.05,42.5,42,Nosema,V — Bee Health,Representative Sampling,process,BRIEF_READY,TO_BE_CREATED_OR_COMMISSIONED,PENDING_ASSET_REVIEW,single-or-double-column,docs/illustration-plans/chapter-42-illustration-plan.md
F42.06,42.6,42,Nosema,V — Bee Health,Microscopy Workflow,process,BRIEF_READY,TO_BE_CREATED_OR_COMMISSIONED,PENDING_ASSET_REVIEW,single-or-double-column,docs/illustration-plans/chapter-42-illustration-plan.md
F42.07,42.7,42,Nosema,V — Bee Health,Haemocytometer Counting Concept,scientific_illustration,BRIEF_READY,TO_BE_CREATED_OR_COMMISSIONED,PENDING_ASSET_REVIEW,single-or-double-column,docs/illustration-plans/chapter-42-illustration-plan.md
F42.08,42.8,42,Nosema,V — Bee Health,Microscopy Versus PCR/qPCR,comparison,BRIEF_READY,TO_BE_CREATED_OR_COMMISSIONED,PENDING_ASSET_REVIEW,double-column,docs/illustration-plans/chapter-42-illustration-plan.md
F42.09,42.9,42,Nosema,V — Bee Health,Positive Result Does Not Equal Cause,decision_flow,BRIEF_READY,TO_BE_CREATED_OR_COMMISSIONED,PENDING_ASSET_REVIEW,double-column-or-full-page,docs/illustration-plans/chapter-42-illustration-plan.md
F42.10,42.10,42,Nosema,V — Bee Health,Faecal–Oral Transmission Routes,scientific_illustration,BRIEF_READY,TO_BE_CREATED_OR_COMMISSIONED,PENDING_ASSET_REVIEW,single-or-double-column,docs/illustration-plans/chapter-42-illustration-plan.md
F42.11,42.11,42,Nosema,V — Bee Health,Nosema Management Framework,decision_flow,BRIEF_READY,TO_BE_CREATED_OR_COMMISSIONED,PENDING_ASSET_REVIEW,double-column-or-full-page,docs/illustration-plans/chapter-42-illustration-plan.md
F42.12,42.12,42,Nosema,V — Bee Health,Apiary-Level Pattern Chart,chart_data,BRIEF_READY,TO_BE_CREATED_OR_COMMISSIONED,PENDING_ASSET_REVIEW,double-column-or-full-page,docs/illustration-plans/chapter-42-illustration-plan.md
F43.01,43.1,43,American Foulbrood,V — Bee Health,AFB Infection Cycle,scientific_illustration,BRIEF_READY,TO_BE_CREATED_OR_COMMISSIONED,PENDING_ASSET_REVIEW,single-or-double-column,docs/illustration-plans/chapter-43-illustration-plan.md
F43.02,43.2,43,American Foulbrood,V — Bee Health,Healthy Brood Versus Early AFB Suspicion,comparison,BRIEF_READY,TO_BE_CREATED_OR_COMMISSIONED,PENDING_ASSET_REVIEW,double-column,docs/illustration-plans/chapter-43-illustration-plan.md
F43.03,43.3,43,American Foulbrood,V — Bee Health,Disease-Stage Cell Series,technical_cutaway,BRIEF_READY,TO_BE_CREATED_OR_COMMISSIONED,PENDING_ASSET_REVIEW,double-column,docs/illustration-plans/chapter-43-illustration-plan.md
F43.04,43.4,43,American Foulbrood,V — Bee Health,Rope Test,scientific_illustration,BRIEF_READY,TO_BE_CREATED_OR_COMMISSIONED,PENDING_ASSET_REVIEW,single-or-double-column,docs/illustration-plans/chapter-43-illustration-plan.md
F43.05,43.5,43,American Foulbrood,V — Bee Health,Adherent Scale and Pupal Tongue,scientific_illustration,BRIEF_READY,TO_BE_CREATED_OR_COMMISSIONED,PENDING_ASSET_REVIEW,single-or-double-column,docs/illustration-plans/chapter-43-illustration-plan.md
F43.06,43.6,43,American Foulbrood,V — Bee Health,AFB Differential Diagnosis,comparison,BRIEF_READY,TO_BE_CREATED_OR_COMMISSIONED,PENDING_ASSET_REVIEW,double-column,docs/illustration-plans/chapter-43-illustration-plan.md
F43.07,43.7,43,American Foulbrood,V — Bee Health,Routes of Spore Movement,scientific_illustration,BRIEF_READY,TO_BE_CREATED_OR_COMMISSIONED,PENDING_ASSET_REVIEW,single-or-double-column,docs/illustration-plans/chapter-43-illustration-plan.md
F43.08,43.8,43,American Foulbrood,V — Bee Health,Suspect-Colony Containment,scientific_illustration,BRIEF_READY,TO_BE_CREATED_OR_COMMISSIONED,PENDING_ASSET_REVIEW,single-or-double-column,docs/illustration-plans/chapter-43-illustration-plan.md
F43.09,43.9,43,American Foulbrood,V — Bee Health,Laboratory Confirmation Pathways,decision_flow,BRIEF_READY,TO_BE_CREATED_OR_COMMISSIONED,PENDING_ASSET_REVIEW,double-column-or-full-page,docs/illustration-plans/chapter-43-illustration-plan.md
F43.10,43.10,43,American Foulbrood,V — Bee Health,Cleaning Versus Decontamination,chart_data,BRIEF_READY,TO_BE_CREATED_OR_COMMISSIONED,PENDING_ASSET_REVIEW,double-column-or-full-page,docs/illustration-plans/chapter-43-illustration-plan.md
F43.11,43.11,43,American Foulbrood,V — Bee Health,Why Antibiotics Do Not Eradicate AFB,scientific_illustration,BRIEF_READY,TO_BE_CREATED_OR_COMMISSIONED,PENDING_ASSET_REVIEW,single-or-double-column,docs/illustration-plans/chapter-43-illustration-plan.md
F43.12,43.12,43,American Foulbrood,V — Bee Health,Trace-Back and Trace-Forward Map,map_landscape,BRIEF_READY,TO_BE_CREATED_OR_COMMISSIONED,PENDING_ASSET_REVIEW,double-column-or-full-page,docs/illustration-plans/chapter-43-illustration-plan.md
F43.13,43.13,43,American Foulbrood,V — Bee Health,AFB Response Decision Flow,decision_flow,BRIEF_READY,TO_BE_CREATED_OR_COMMISSIONED,PENDING_ASSET_REVIEW,double-column-or-full-page,docs/illustration-plans/chapter-43-illustration-plan.md
F44.01,44.1,44,European Foulbrood,V — Bee Health,EFB Infection Sequence,process,BRIEF_READY,TO_BE_CREATED_OR_COMMISSIONED,PENDING_ASSET_REVIEW,single-or-double-column,docs/illustration-plans/chapter-44-illustration-plan.md
F44.02,44.2,44,European Foulbrood,V — Bee Health,Healthy Versus EFB-Affected Open Brood,comparison,BRIEF_READY,TO_BE_CREATED_OR_COMMISSIONED,PENDING_ASSET_REVIEW,double-column,docs/illustration-plans/chapter-44-illustration-plan.md
F44.03,44.3,44,European Foulbrood,V — Bee Health,Abnormal Larval Positions,scientific_illustration,BRIEF_READY,TO_BE_CREATED_OR_COMMISSIONED,PENDING_ASSET_REVIEW,single-or-double-column,docs/illustration-plans/chapter-44-illustration-plan.md
F44.04,44.4,44,European Foulbrood,V — Bee Health,EFB Versus AFB,comparison,BRIEF_READY,TO_BE_CREATED_OR_COMMISSIONED,PENDING_ASSET_REVIEW,double-column,docs/illustration-plans/chapter-44-illustration-plan.md
F44.05,44.5,44,European Foulbrood,V — Bee Health,EFB Differential Diagnosis,scientific_illustration,BRIEF_READY,TO_BE_CREATED_OR_COMMISSIONED,PENDING_ASSET_REVIEW,single-or-double-column,docs/illustration-plans/chapter-44-illustration-plan.md
F44.06,44.6,44,European Foulbrood,V — Bee Health,Disease Expression and Colony Stress,scientific_illustration,BRIEF_READY,TO_BE_CREATED_OR_COMMISSIONED,PENDING_ASSET_REVIEW,single-or-double-column,docs/illustration-plans/chapter-44-illustration-plan.md
F44.07,44.7,44,European Foulbrood,V — Bee Health,EFB Transmission Routes,scientific_illustration,BRIEF_READY,TO_BE_CREATED_OR_COMMISSIONED,PENDING_ASSET_REVIEW,single-or-double-column,docs/illustration-plans/chapter-44-illustration-plan.md
F44.08,44.8,44,European Foulbrood,V — Bee Health,Sampling and Diagnostic Pathway,process,BRIEF_READY,TO_BE_CREATED_OR_COMMISSIONED,PENDING_ASSET_REVIEW,single-or-double-column,docs/illustration-plans/chapter-44-illustration-plan.md
F44.09,44.9,44,European Foulbrood,V — Bee Health,Shook-Swarm Principle,process,BRIEF_READY,TO_BE_CREATED_OR_COMMISSIONED,PENDING_ASSET_REVIEW,single-or-double-column,docs/illustration-plans/chapter-44-illustration-plan.md
F44.10,44.10,44,European Foulbrood,V — Bee Health,Follow-Up After Apparent Recovery,timeline,BRIEF_READY,TO_BE_CREATED_OR_COMMISSIONED,PENDING_ASSET_REVIEW,double-column-or-full-page,docs/illustration-plans/chapter-44-illustration-plan.md
F44.11,44.11,44,European Foulbrood,V — Bee Health,Apiary Contact Map,map_landscape,BRIEF_READY,TO_BE_CREATED_OR_COMMISSIONED,PENDING_ASSET_REVIEW,double-column-or-full-page,docs/illustration-plans/chapter-44-illustration-plan.md
F45.01,45.1,45,Viruses,V — Bee Health,Infection Versus Clinical Disease,comparison,BRIEF_READY,TO_BE_CREATED_OR_COMMISSIONED,PENDING_ASSET_REVIEW,double-column,docs/illustration-plans/chapter-45-illustration-plan.md
F45.02,45.2,45,Viruses,V — Bee Health,Viral Transmission Routes,scientific_illustration,BRIEF_READY,TO_BE_CREATED_OR_COMMISSIONED,PENDING_ASSET_REVIEW,single-or-double-column,docs/illustration-plans/chapter-45-illustration-plan.md
F45.03,45.3,45,Viruses,V — Bee Health,Varroa–DWV Interaction,technical_cutaway,BRIEF_READY,TO_BE_CREATED_OR_COMMISSIONED,PENDING_ASSET_REVIEW,double-column,docs/illustration-plans/chapter-45-illustration-plan.md
F45.04,45.4,45,Viruses,V — Bee Health,DWV Phenotype Spectrum,scientific_illustration,BRIEF_READY,TO_BE_CREATED_OR_COMMISSIONED,PENDING_ASSET_REVIEW,single-or-double-column,docs/illustration-plans/chapter-45-illustration-plan.md
F45.05,45.5,45,Viruses,V — Bee Health,CBPV Clinical Signs,scientific_illustration,BRIEF_READY,TO_BE_CREATED_OR_COMMISSIONED,PENDING_ASSET_REVIEW,single-or-double-column,docs/illustration-plans/chapter-45-illustration-plan.md
F45.06,45.6,45,Viruses,V — Bee Health,Acute Paralysis Virus Group,scientific_illustration,BRIEF_READY,TO_BE_CREATED_OR_COMMISSIONED,PENDING_ASSET_REVIEW,single-or-double-column,docs/illustration-plans/chapter-45-illustration-plan.md
F45.07,45.7,45,Viruses,V — Bee Health,Sacbrood Development,scientific_illustration,BRIEF_READY,TO_BE_CREATED_OR_COMMISSIONED,PENDING_ASSET_REVIEW,single-or-double-column,docs/illustration-plans/chapter-45-illustration-plan.md
F45.08,45.8,45,Viruses,V — Bee Health,Black Queen Cell Virus,technical_cutaway,BRIEF_READY,TO_BE_CREATED_OR_COMMISSIONED,PENDING_ASSET_REVIEW,double-column,docs/illustration-plans/chapter-45-illustration-plan.md
F45.09,45.9,45,Viruses,V — Bee Health,RT-PCR Workflow,process,BRIEF_READY,TO_BE_CREATED_OR_COMMISSIONED,PENDING_ASSET_REVIEW,single-or-double-column,docs/illustration-plans/chapter-45-illustration-plan.md
F45.10,45.10,45,Viruses,V — Bee Health,Pooled Versus Individual Sampling,comparison,BRIEF_READY,TO_BE_CREATED_OR_COMMISSIONED,PENDING_ASSET_REVIEW,double-column,docs/illustration-plans/chapter-45-illustration-plan.md
F45.11,45.11,45,Viruses,V — Bee Health,Viral Differential Diagnosis,chart_data,BRIEF_READY,TO_BE_CREATED_OR_COMMISSIONED,PENDING_ASSET_REVIEW,double-column-or-full-page,docs/illustration-plans/chapter-45-illustration-plan.md
F45.12,45.12,45,Viruses,V — Bee Health,Practical Virus-Management Framework,decision_flow,BRIEF_READY,TO_BE_CREATED_OR_COMMISSIONED,PENDING_ASSET_REVIEW,double-column-or-full-page,docs/illustration-plans/chapter-45-illustration-plan.md
F46.01,46.1,46,Integrated Pest Management,V — Bee Health,The Honey Bee IPM Cycle,decision_flow,BRIEF_READY,TO_BE_CREATED_OR_COMMISSIONED,PENDING_ASSET_REVIEW,double-column-or-full-page,docs/illustration-plans/chapter-46-illustration-plan.md
F46.02,46.2,46,Integrated Pest Management,V — Bee Health,IPM Control Hierarchy,scientific_illustration,BRIEF_READY,TO_BE_CREATED_OR_COMMISSIONED,PENDING_ASSET_REVIEW,single-or-double-column,docs/illustration-plans/chapter-46-illustration-plan.md
F46.03,46.3,46,Integrated Pest Management,V — Bee Health,Surveillance Versus Monitoring,comparison,BRIEF_READY,TO_BE_CREATED_OR_COMMISSIONED,PENDING_ASSET_REVIEW,double-column,docs/illustration-plans/chapter-46-illustration-plan.md
F46.04,46.4,46,Integrated Pest Management,V — Bee Health,Thresholds Are Contextual,decision_flow,BRIEF_READY,TO_BE_CREATED_OR_COMMISSIONED,PENDING_ASSET_REVIEW,double-column-or-full-page,docs/illustration-plans/chapter-46-illustration-plan.md
F46.05,46.5,46,Integrated Pest Management,V — Bee Health,Brood Interruption as a Biological Window,timeline,BRIEF_READY,TO_BE_CREATED_OR_COMMISSIONED,PENDING_ASSET_REVIEW,double-column-or-full-page,docs/illustration-plans/chapter-46-illustration-plan.md
F46.06,46.6,46,Integrated Pest Management,V — Bee Health,Drone-Brood Removal Sequence,process,BRIEF_READY,TO_BE_CREATED_OR_COMMISSIONED,PENDING_ASSET_REVIEW,single-or-double-column,docs/illustration-plans/chapter-46-illustration-plan.md
F46.07,46.7,46,Integrated Pest Management,V — Bee Health,Robbing and Drift as Area-Wide Transmission,scientific_illustration,BRIEF_READY,TO_BE_CREATED_OR_COMMISSIONED,PENDING_ASSET_REVIEW,single-or-double-column,docs/illustration-plans/chapter-46-illustration-plan.md
F46.08,46.8,46,Integrated Pest Management,V — Bee Health,Genetic Resistance Within IPM,scientific_illustration,BRIEF_READY,TO_BE_CREATED_OR_COMMISSIONED,PENDING_ASSET_REVIEW,single-or-double-column,docs/illustration-plans/chapter-46-illustration-plan.md
F46.09,46.9,46,Integrated Pest Management,V — Bee Health,Mode of Action and Resistance Selection,comparison,BRIEF_READY,TO_BE_CREATED_OR_COMMISSIONED,PENDING_ASSET_REVIEW,double-column,docs/illustration-plans/chapter-46-illustration-plan.md
F46.10,46.10,46,Integrated Pest Management,V — Bee Health,Treatment Failure Investigation,decision_flow,BRIEF_READY,TO_BE_CREATED_OR_COMMISSIONED,PENDING_ASSET_REVIEW,double-column-or-full-page,docs/illustration-plans/chapter-46-illustration-plan.md
F46.11,46.11,46,Integrated Pest Management,V — Bee Health,Food and Operator Safety Check,scientific_illustration,BRIEF_READY,TO_BE_CREATED_OR_COMMISSIONED,PENDING_ASSET_REVIEW,single-or-double-column,docs/illustration-plans/chapter-46-illustration-plan.md
F46.12,46.12,46,Integrated Pest Management,V — Bee Health,Established Pest Versus Exotic Regulated Pest,comparison,BRIEF_READY,TO_BE_CREATED_OR_COMMISSIONED,PENDING_ASSET_REVIEW,double-column,docs/illustration-plans/chapter-46-illustration-plan.md
F46.13,46.13,46,Integrated Pest Management,V — Bee Health,Annual IPM Plan,timeline,BRIEF_READY,TO_BE_CREATED_OR_COMMISSIONED,PENDING_ASSET_REVIEW,double-column-or-full-page,docs/illustration-plans/chapter-46-illustration-plan.md
F46.14,46.14,46,Integrated Pest Management,V — Bee Health,Apiary-Level Dashboard Concept,chart_data,BRIEF_READY,TO_BE_CREATED_OR_COMMISSIONED,PENDING_ASSET_REVIEW,double-column-or-full-page,docs/illustration-plans/chapter-46-illustration-plan.md
F47.01,47.1,47,Nectar Flow,VI — Honey Production,From Flower to Harvestable Honey,scientific_illustration,BRIEF_READY,TO_BE_CREATED_OR_COMMISSIONED,PENDING_ASSET_REVIEW,single-or-double-column,docs/illustration-plans/chapter-47-illustration-plan.md
F47.02,47.2,47,Nectar Flow,VI — Honey Production,Floral Nectary and Nectar Collection,technical_cutaway,BRIEF_READY,TO_BE_CREATED_OR_COMMISSIONED,PENDING_ASSET_REVIEW,double-column,docs/illustration-plans/chapter-47-illustration-plan.md
F47.03,47.3,47,Nectar Flow,VI — Honey Production,Environmental Controls on Nectar Secretion,decision_flow,BRIEF_READY,TO_BE_CREATED_OR_COMMISSIONED,PENDING_ASSET_REVIEW,double-column-or-full-page,docs/illustration-plans/chapter-47-illustration-plan.md
F47.04,47.4,47,Nectar Flow,VI — Honey Production,Phenology Rather Than Calendar,timeline,BRIEF_READY,TO_BE_CREATED_OR_COMMISSIONED,PENDING_ASSET_REVIEW,double-column-or-full-page,docs/illustration-plans/chapter-47-illustration-plan.md
F47.05,47.5,47,Nectar Flow,VI — Honey Production,Forager Recruitment and Receiver Bees,scientific_illustration,BRIEF_READY,TO_BE_CREATED_OR_COMMISSIONED,PENDING_ASSET_REVIEW,single-or-double-column,docs/illustration-plans/chapter-47-illustration-plan.md
F47.06,47.6,47,Nectar Flow,VI — Honey Production,Nectar Ripening,process,BRIEF_READY,TO_BE_CREATED_OR_COMMISSIONED,PENDING_ASSET_REVIEW,single-or-double-column,docs/illustration-plans/chapter-47-illustration-plan.md
F47.07,47.7,47,Nectar Flow,VI — Honey Production,Typical Scale-Hive Daily Curve,chart_data,BRIEF_READY,TO_BE_CREATED_OR_COMMISSIONED,PENDING_ASSET_REVIEW,double-column-or-full-page,docs/illustration-plans/chapter-47-illustration-plan.md
F47.08,47.8,47,Nectar Flow,VI — Honey Production,Scale-Hive Confounders,scientific_illustration,BRIEF_READY,TO_BE_CREATED_OR_COMMISSIONED,PENDING_ASSET_REVIEW,single-or-double-column,docs/illustration-plans/chapter-47-illustration-plan.md
F47.09,47.9,47,Nectar Flow,VI — Honey Production,Colony Population Timing Before a Flow,timeline,BRIEF_READY,TO_BE_CREATED_OR_COMMISSIONED,PENDING_ASSET_REVIEW,double-column-or-full-page,docs/illustration-plans/chapter-47-illustration-plan.md
F47.10,47.10,47,Nectar Flow,VI — Honey Production,Storage-Space Decision,decision_flow,BRIEF_READY,TO_BE_CREATED_OR_COMMISSIONED,PENDING_ASSET_REVIEW,double-column-or-full-page,docs/illustration-plans/chapter-47-illustration-plan.md
F47.11,47.11,47,Nectar Flow,VI — Honey Production,"Flow, Dearth and Robbing Risk",timeline,BRIEF_READY,TO_BE_CREATED_OR_COMMISSIONED,PENDING_ASSET_REVIEW,double-column-or-full-page,docs/illustration-plans/chapter-47-illustration-plan.md
F47.12,47.12,47,Nectar Flow,VI — Honey Production,Local Bloom Record Sheet,scientific_illustration,BRIEF_READY,TO_BE_CREATED_OR_COMMISSIONED,PENDING_ASSET_REVIEW,single-or-double-column,docs/illustration-plans/chapter-47-illustration-plan.md
F47.13,47.13,47,Nectar Flow,VI — Honey Production,Varietal-Honey Source Separation,timeline,BRIEF_READY,TO_BE_CREATED_OR_COMMISSIONED,PENDING_ASSET_REVIEW,double-column-or-full-page,docs/illustration-plans/chapter-47-illustration-plan.md
F48.01,48.1,48,Honey Harvesting,VI — Honey Production,Harvest Readiness Decision Flow,decision_flow,BRIEF_READY,TO_BE_CREATED_OR_COMMISSIONED,PENDING_ASSET_REVIEW,double-column-or-full-page,docs/illustration-plans/chapter-48-illustration-plan.md
F48.02,48.2,48,Honey Harvesting,VI — Honey Production,"Capped, Uncapped, and Fresh Nectar",scientific_illustration,BRIEF_READY,TO_BE_CREATED_OR_COMMISSIONED,PENDING_ASSET_REVIEW,single-or-double-column,docs/illustration-plans/chapter-48-illustration-plan.md
F48.03,48.3,48,Honey Harvesting,VI — Honey Production,Honey Refractometer Use,process,BRIEF_READY,TO_BE_CREATED_OR_COMMISSIONED,PENDING_ASSET_REVIEW,single-or-double-column,docs/illustration-plans/chapter-48-illustration-plan.md
F48.04,48.4,48,Honey Harvesting,VI — Honey Production,Representative Moisture Sampling,process,BRIEF_READY,TO_BE_CREATED_OR_COMMISSIONED,PENDING_ASSET_REVIEW,single-or-double-column,docs/illustration-plans/chapter-48-illustration-plan.md
F48.05,48.5,48,Honey Harvesting,VI — Honey Production,Legal Maximum Versus Operational Target,chart_data,BRIEF_READY,TO_BE_CREATED_OR_COMMISSIONED,PENDING_ASSET_REVIEW,double-column-or-full-page,docs/illustration-plans/chapter-48-illustration-plan.md
F48.06,48.6,48,Honey Harvesting,VI — Honey Production,Fermentation Risk Factors,scientific_illustration,BRIEF_READY,TO_BE_CREATED_OR_COMMISSIONED,PENDING_ASSET_REVIEW,single-or-double-column,docs/illustration-plans/chapter-48-illustration-plan.md
F48.07,48.7,48,Honey Harvesting,VI — Honey Production,Bee-Removal Methods Compared,comparison,BRIEF_READY,TO_BE_CREATED_OR_COMMISSIONED,PENDING_ASSET_REVIEW,double-column,docs/illustration-plans/chapter-48-illustration-plan.md
F48.08,48.8,48,Honey Harvesting,VI — Honey Production,Robbing-Safe Harvest Workflow,process,BRIEF_READY,TO_BE_CREATED_OR_COMMISSIONED,PENDING_ASSET_REVIEW,single-or-double-column,docs/illustration-plans/chapter-48-illustration-plan.md
F48.09,48.9,48,Honey Harvesting,VI — Honey Production,Safe Manual Handling of Supers,process,BRIEF_READY,TO_BE_CREATED_OR_COMMISSIONED,PENDING_ASSET_REVIEW,single-or-double-column,docs/illustration-plans/chapter-48-illustration-plan.md
F48.10,48.10,48,Honey Harvesting,VI — Honey Production,Food-Safe Transport,scientific_illustration,BRIEF_READY,TO_BE_CREATED_OR_COMMISSIONED,PENDING_ASSET_REVIEW,single-or-double-column,docs/illustration-plans/chapter-48-illustration-plan.md
F48.11,48.11,48,Honey Harvesting,VI — Honey Production,Traceability Chain,scientific_illustration,BRIEF_READY,TO_BE_CREATED_OR_COMMISSIONED,PENDING_ASSET_REVIEW,single-or-double-column,docs/illustration-plans/chapter-48-illustration-plan.md
F48.12,48.12,48,Honey Harvesting,VI — Honey Production,EU Blend-Origin Traceability Context,scientific_illustration,BRIEF_READY,TO_BE_CREATED_OR_COMMISSIONED,PENDING_ASSET_REVIEW,single-or-double-column,docs/illustration-plans/chapter-48-illustration-plan.md
F48.13,48.13,48,Honey Harvesting,VI — Honey Production,Harvest Emergency Responses,scientific_illustration,BRIEF_READY,TO_BE_CREATED_OR_COMMISSIONED,PENDING_ASSET_REVIEW,single-or-double-column,docs/illustration-plans/chapter-48-illustration-plan.md
F49.01,49.1,49,Honey Extraction,VI — Honey Production,One-Way Honey-Room Workflow,process,BRIEF_READY,TO_BE_CREATED_OR_COMMISSIONED,PENDING_ASSET_REVIEW,single-or-double-column,docs/illustration-plans/chapter-49-illustration-plan.md
F49.02,49.2,49,Honey Extraction,VI — Honey Production,Clean and Dirty Zones,scientific_illustration,BRIEF_READY,TO_BE_CREATED_OR_COMMISSIONED,PENDING_ASSET_REVIEW,single-or-double-column,docs/illustration-plans/chapter-49-illustration-plan.md
F49.03,49.3,49,Honey Extraction,VI — Honey Production,Uncapping Methods,scientific_illustration,BRIEF_READY,TO_BE_CREATED_OR_COMMISSIONED,PENDING_ASSET_REVIEW,single-or-double-column,docs/illustration-plans/chapter-49-illustration-plan.md
F49.04,49.4,49,Honey Extraction,VI — Honey Production,Tangential Versus Radial Extraction,comparison,BRIEF_READY,TO_BE_CREATED_OR_COMMISSIONED,PENDING_ASSET_REVIEW,double-column,docs/illustration-plans/chapter-49-illustration-plan.md
F49.05,49.5,49,Honey Extraction,VI — Honey Production,Staged Extraction for Fragile Comb,scientific_illustration,BRIEF_READY,TO_BE_CREATED_OR_COMMISSIONED,PENDING_ASSET_REVIEW,single-or-double-column,docs/illustration-plans/chapter-49-illustration-plan.md
F49.06,49.6,49,Honey Extraction,VI — Honey Production,Extractor Balance,comparison,BRIEF_READY,TO_BE_CREATED_OR_COMMISSIONED,PENDING_ASSET_REVIEW,double-column,docs/illustration-plans/chapter-49-illustration-plan.md
F49.07,49.7,49,Honey Extraction,VI — Honey Production,Comb Blow-Out Risk,scientific_illustration,BRIEF_READY,TO_BE_CREATED_OR_COMMISSIONED,PENDING_ASSET_REVIEW,single-or-double-column,docs/illustration-plans/chapter-49-illustration-plan.md
F49.08,49.8,49,Honey Extraction,VI — Honey Production,Honey Transfer Without Excess Air,comparison,BRIEF_READY,TO_BE_CREATED_OR_COMMISSIONED,PENDING_ASSET_REVIEW,double-column,docs/illustration-plans/chapter-49-illustration-plan.md
F49.09,49.9,49,Honey Extraction,VI — Honey Production,Straining Versus Significant Pollen Removal,comparison,BRIEF_READY,TO_BE_CREATED_OR_COMMISSIONED,PENDING_ASSET_REVIEW,double-column,docs/illustration-plans/chapter-49-illustration-plan.md
F49.10,49.10,49,Honey Extraction,VI — Honey Production,Settling Tank,technical_cutaway,BRIEF_READY,TO_BE_CREATED_OR_COMMISSIONED,PENDING_ASSET_REVIEW,double-column,docs/illustration-plans/chapter-49-illustration-plan.md
F49.11,49.11,49,Honey Extraction,VI — Honey Production,Cleaning and Drying Sequence,process,BRIEF_READY,TO_BE_CREATED_OR_COMMISSIONED,PENDING_ASSET_REVIEW,single-or-double-column,docs/illustration-plans/chapter-49-illustration-plan.md
F49.12,49.12,49,Honey Extraction,VI — Honey Production,Lot Traceability Through the Line,scientific_illustration,BRIEF_READY,TO_BE_CREATED_OR_COMMISSIONED,PENDING_ASSET_REVIEW,single-or-double-column,docs/illustration-plans/chapter-49-illustration-plan.md
F49.13,49.13,49,Honey Extraction,VI — Honey Production,Extraction Safety Hazards,process,BRIEF_READY,TO_BE_CREATED_OR_COMMISSIONED,PENDING_ASSET_REVIEW,single-or-double-column,docs/illustration-plans/chapter-49-illustration-plan.md
F49.14,49.14,49,Honey Extraction,VI — Honey Production,Emergency Response Panels,scientific_illustration,BRIEF_READY,TO_BE_CREATED_OR_COMMISSIONED,PENDING_ASSET_REVIEW,single-or-double-column,docs/illustration-plans/chapter-49-illustration-plan.md
F50.01,50.1,50,Honey Processing,VI — Honey Production,Minimal-Processing Flow,process,BRIEF_READY,TO_BE_CREATED_OR_COMMISSIONED,PENDING_ASSET_REVIEW,single-or-double-column,docs/illustration-plans/chapter-50-illustration-plan.md
F50.02,50.2,50,Honey Processing,VI — Honey Production,Settling Tank Separation,technical_cutaway,BRIEF_READY,TO_BE_CREATED_OR_COMMISSIONED,PENDING_ASSET_REVIEW,double-column,docs/illustration-plans/chapter-50-illustration-plan.md
F50.03,50.3,50,Honey Processing,VI — Honey Production,Straining Versus Legal “Filtered Honey”,comparison,BRIEF_READY,TO_BE_CREATED_OR_COMMISSIONED,PENDING_ASSET_REVIEW,double-column,docs/illustration-plans/chapter-50-illustration-plan.md
F50.04,50.4,50,Honey Processing,VI — Honey Production,Time–Temperature Quality Relationship,chart_data,BRIEF_READY,TO_BE_CREATED_OR_COMMISSIONED,PENDING_ASSET_REVIEW,double-column-or-full-page,docs/illustration-plans/chapter-50-illustration-plan.md
F50.05,50.5,50,Honey Processing,VI — Honey Production,Uniform Versus Localised Heating,comparison,BRIEF_READY,TO_BE_CREATED_OR_COMMISSIONED,PENDING_ASSET_REVIEW,double-column,docs/illustration-plans/chapter-50-illustration-plan.md
F50.06,50.6,50,Honey Processing,VI — Honey Production,Drum Liquefaction Temperature Gradient,scientific_illustration,BRIEF_READY,TO_BE_CREATED_OR_COMMISSIONED,PENDING_ASSET_REVIEW,single-or-double-column,docs/illustration-plans/chapter-50-illustration-plan.md
F50.07,50.7,50,Honey Processing,VI — Honey Production,Gentle Versus Turbulent Mixing,comparison,BRIEF_READY,TO_BE_CREATED_OR_COMMISSIONED,PENDING_ASSET_REVIEW,double-column,docs/illustration-plans/chapter-50-illustration-plan.md
F50.08,50.8,50,Honey Processing,VI — Honey Production,Blend Traceability,scientific_illustration,BRIEF_READY,TO_BE_CREATED_OR_COMMISSIONED,PENDING_ASSET_REVIEW,single-or-double-column,docs/illustration-plans/chapter-50-illustration-plan.md
F50.09,50.9,50,Honey Processing,VI — Honey Production,Crystallisation Factors,scientific_illustration,BRIEF_READY,TO_BE_CREATED_OR_COMMISSIONED,PENDING_ASSET_REVIEW,single-or-double-column,docs/illustration-plans/chapter-50-illustration-plan.md
F50.10,50.10,50,Honey Processing,VI — Honey Production,Moisture-Management Options,scientific_illustration,BRIEF_READY,TO_BE_CREATED_OR_COMMISSIONED,PENDING_ASSET_REVIEW,single-or-double-column,docs/illustration-plans/chapter-50-illustration-plan.md
F50.11,50.11,50,Honey Processing,VI — Honey Production,Honey Processing Hazard Map,map_landscape,BRIEF_READY,TO_BE_CREATED_OR_COMMISSIONED,PENDING_ASSET_REVIEW,double-column-or-full-page,docs/illustration-plans/chapter-50-illustration-plan.md
F50.12,50.12,50,Honey Processing,VI — Honey Production,HMF and Diastase as Quality Evidence,scientific_illustration,BRIEF_READY,TO_BE_CREATED_OR_COMMISSIONED,PENDING_ASSET_REVIEW,single-or-double-column,docs/illustration-plans/chapter-50-illustration-plan.md
F50.13,50.13,50,Honey Processing,VI — Honey Production,Fraud-Prevention Controls,scientific_illustration,BRIEF_READY,TO_BE_CREATED_OR_COMMISSIONED,PENDING_ASSET_REVIEW,single-or-double-column,docs/illustration-plans/chapter-50-illustration-plan.md
F50.14,50.14,50,Honey Processing,VI — Honey Production,Unsupported Home “Purity Tests”,scientific_illustration,BRIEF_READY,TO_BE_CREATED_OR_COMMISSIONED,PENDING_ASSET_REVIEW,single-or-double-column,docs/illustration-plans/chapter-50-illustration-plan.md
F51.01,51.1,51,Honey Storage,VI — Honey Production,What Changes During Storage,scientific_illustration,BRIEF_READY,TO_BE_CREATED_OR_COMMISSIONED,PENDING_ASSET_REVIEW,single-or-double-column,docs/illustration-plans/chapter-51-illustration-plan.md
F51.02,51.2,51,Honey Storage,VI — Honey Production,"Food Safety, Quality, and Shelf Life",scientific_illustration,BRIEF_READY,TO_BE_CREATED_OR_COMMISSIONED,PENDING_ASSET_REVIEW,single-or-double-column,docs/illustration-plans/chapter-51-illustration-plan.md
F51.03,51.3,51,Honey Storage,VI — Honey Production,Hygroscopicity and Sealing,comparison,BRIEF_READY,TO_BE_CREATED_OR_COMMISSIONED,PENDING_ASSET_REVIEW,double-column,docs/illustration-plans/chapter-51-illustration-plan.md
F51.04,51.4,51,Honey Storage,VI — Honey Production,Headspace and Condensation,technical_cutaway,BRIEF_READY,TO_BE_CREATED_OR_COMMISSIONED,PENDING_ASSET_REVIEW,double-column,docs/illustration-plans/chapter-51-illustration-plan.md
F51.05,51.5,51,Honey Storage,VI — Honey Production,Time–Temperature Storage Effect,chart_data,BRIEF_READY,TO_BE_CREATED_OR_COMMISSIONED,PENDING_ASSET_REVIEW,double-column-or-full-page,docs/illustration-plans/chapter-51-illustration-plan.md
F51.06,51.6,51,Honey Storage,VI — Honey Production,Crystallisation and Phase Separation,process,BRIEF_READY,TO_BE_CREATED_OR_COMMISSIONED,PENDING_ASSET_REVIEW,single-or-double-column,docs/illustration-plans/chapter-51-illustration-plan.md
F51.07,51.7,51,Honey Storage,VI — Honey Production,Fermentation Versus Surface Foam,comparison,BRIEF_READY,TO_BE_CREATED_OR_COMMISSIONED,PENDING_ASSET_REVIEW,double-column,docs/illustration-plans/chapter-51-illustration-plan.md
F51.08,51.8,51,Honey Storage,VI — Honey Production,Bulk Container Options,scientific_illustration,BRIEF_READY,TO_BE_CREATED_OR_COMMISSIONED,PENDING_ASSET_REVIEW,single-or-double-column,docs/illustration-plans/chapter-51-illustration-plan.md
F51.09,51.9,51,Honey Storage,VI — Honey Production,Retail Packaging Trade-Offs,comparison,BRIEF_READY,TO_BE_CREATED_OR_COMMISSIONED,PENDING_ASSET_REVIEW,double-column,docs/illustration-plans/chapter-51-illustration-plan.md
F51.10,51.10,51,Honey Storage,VI — Honey Production,Warehouse Layout,scientific_illustration,BRIEF_READY,TO_BE_CREATED_OR_COMMISSIONED,PENDING_ASSET_REVIEW,single-or-double-column,docs/illustration-plans/chapter-51-illustration-plan.md
F51.11,51.11,51,Honey Storage,VI — Honey Production,FIFO/FEFO and Harvest Age,scientific_illustration,BRIEF_READY,TO_BE_CREATED_OR_COMMISSIONED,PENDING_ASSET_REVIEW,single-or-double-column,docs/illustration-plans/chapter-51-illustration-plan.md
F51.12,51.12,51,Honey Storage,VI — Honey Production,Storage Sampling,process,BRIEF_READY,TO_BE_CREATED_OR_COMMISSIONED,PENDING_ASSET_REVIEW,single-or-double-column,docs/illustration-plans/chapter-51-illustration-plan.md
F51.13,51.13,51,Honey Storage,VI — Honey Production,Quarantine Status System,scientific_illustration,BRIEF_READY,TO_BE_CREATED_OR_COMMISSIONED,PENDING_ASSET_REVIEW,single-or-double-column,docs/illustration-plans/chapter-51-illustration-plan.md
F51.14,51.14,51,Honey Storage,VI — Honey Production,Storage Emergency Responses,scientific_illustration,BRIEF_READY,TO_BE_CREATED_OR_COMMISSIONED,PENDING_ASSET_REVIEW,single-or-double-column,docs/illustration-plans/chapter-51-illustration-plan.md
F52.01,52.1,52,Comb Honey Production,VI — Honey Production,Comb Honey Product Forms,scientific_illustration,BRIEF_READY,TO_BE_CREATED_OR_COMMISSIONED,PENDING_ASSET_REVIEW,single-or-double-column,docs/illustration-plans/chapter-52-illustration-plan.md
F52.02,52.2,52,Comb Honey Production,VI — Honey Production,Fresh Broodless Comb Versus Used Brood Comb,comparison,BRIEF_READY,TO_BE_CREATED_OR_COMMISSIONED,PENDING_ASSET_REVIEW,double-column,docs/illustration-plans/chapter-52-illustration-plan.md
F52.03,52.3,52,Comb Honey Production,VI — Honey Production,Colony Preparation Timeline,timeline,BRIEF_READY,TO_BE_CREATED_OR_COMMISSIONED,PENDING_ASSET_REVIEW,double-column-or-full-page,docs/illustration-plans/chapter-52-illustration-plan.md
F52.04,52.4,52,Comb Honey Production,VI — Honey Production,Comb Honey and Swarm Pressure,comparison,BRIEF_READY,TO_BE_CREATED_OR_COMMISSIONED,PENDING_ASSET_REVIEW,double-column,docs/illustration-plans/chapter-52-illustration-plan.md
F52.05,52.5,52,Comb Honey Production,VI — Honey Production,Foundation and Guide Options,scientific_illustration,BRIEF_READY,TO_BE_CREATED_OR_COMMISSIONED,PENDING_ASSET_REVIEW,single-or-double-column,docs/illustration-plans/chapter-52-illustration-plan.md
F52.06,52.6,52,Comb Honey Production,VI — Honey Production,Hive Level and Straight Comb,comparison,BRIEF_READY,TO_BE_CREATED_OR_COMMISSIONED,PENDING_ASSET_REVIEW,double-column,docs/illustration-plans/chapter-52-illustration-plan.md
F52.07,52.7,52,Comb Honey Production,VI — Honey Production,Section Completion Economics,comparison,BRIEF_READY,TO_BE_CREATED_OR_COMMISSIONED,PENDING_ASSET_REVIEW,double-column,docs/illustration-plans/chapter-52-illustration-plan.md
F52.08,52.8,52,Comb Honey Production,VI — Honey Production,Dry and Wet Cappings,comparison,BRIEF_READY,TO_BE_CREATED_OR_COMMISSIONED,PENDING_ASSET_REVIEW,double-column,docs/illustration-plans/chapter-52-illustration-plan.md
F52.09,52.9,52,Comb Honey Production,VI — Honey Production,Comb Honey Defect Atlas,scientific_illustration,BRIEF_READY,TO_BE_CREATED_OR_COMMISSIONED,PENDING_ASSET_REVIEW,single-or-double-column,docs/illustration-plans/chapter-52-illustration-plan.md
F52.10,52.10,52,Comb Honey Production,VI — Honey Production,Representative Moisture Assessment,scientific_illustration,BRIEF_READY,TO_BE_CREATED_OR_COMMISSIONED,PENDING_ASSET_REVIEW,single-or-double-column,docs/illustration-plans/chapter-52-illustration-plan.md
F52.11,52.11,52,Comb Honey Production,VI — Honey Production,Gentle Bee Removal,scientific_illustration,BRIEF_READY,TO_BE_CREATED_OR_COMMISSIONED,PENDING_ASSET_REVIEW,single-or-double-column,docs/illustration-plans/chapter-52-illustration-plan.md
F52.12,52.12,52,Comb Honey Production,VI — Honey Production,Cut-Comb Workflow,process,BRIEF_READY,TO_BE_CREATED_OR_COMMISSIONED,PENDING_ASSET_REVIEW,single-or-double-column,docs/illustration-plans/chapter-52-illustration-plan.md
F52.13,52.13,52,Comb Honey Production,VI — Honey Production,Heat Damage During Transport,comparison,BRIEF_READY,TO_BE_CREATED_OR_COMMISSIONED,PENDING_ASSET_REVIEW,double-column,docs/illustration-plans/chapter-52-illustration-plan.md
F52.14,52.14,52,Comb Honey Production,VI — Honey Production,Physical Storage-Pest Control,scientific_illustration,BRIEF_READY,TO_BE_CREATED_OR_COMMISSIONED,PENDING_ASSET_REVIEW,single-or-double-column,docs/illustration-plans/chapter-52-illustration-plan.md
F52.15,52.15,52,Comb Honey Production,VI — Honey Production,Traceability Chain,scientific_illustration,BRIEF_READY,TO_BE_CREATED_OR_COMMISSIONED,PENDING_ASSET_REVIEW,single-or-double-column,docs/illustration-plans/chapter-52-illustration-plan.md
F53.01,53.1,53,Creamed Honey,VI — Honey Production,Controlled Versus Uncontrolled Crystallisation,comparison,BRIEF_READY,TO_BE_CREATED_OR_COMMISSIONED,PENDING_ASSET_REVIEW,double-column,docs/illustration-plans/chapter-53-illustration-plan.md
F53.02,53.2,53,Creamed Honey,VI — Honey Production,Nucleation and Crystal Growth,comparison,BRIEF_READY,TO_BE_CREATED_OR_COMMISSIONED,PENDING_ASSET_REVIEW,double-column,docs/illustration-plans/chapter-53-illustration-plan.md
F53.03,53.3,53,Creamed Honey,VI — Honey Production,Dyce-Style Process Principle,process,BRIEF_READY,TO_BE_CREATED_OR_COMMISSIONED,PENDING_ASSET_REVIEW,single-or-double-column,docs/illustration-plans/chapter-53-illustration-plan.md
F53.04,53.4,53,Creamed Honey,VI — Honey Production,Seed Quality,comparison,BRIEF_READY,TO_BE_CREATED_OR_COMMISSIONED,PENDING_ASSET_REVIEW,double-column,docs/illustration-plans/chapter-53-illustration-plan.md
F53.05,53.5,53,Creamed Honey,VI — Honey Production,Seed Premix and Tank Mixing,scientific_illustration,BRIEF_READY,TO_BE_CREATED_OR_COMMISSIONED,PENDING_ASSET_REVIEW,single-or-double-column,docs/illustration-plans/chapter-53-illustration-plan.md
F53.06,53.6,53,Creamed Honey,VI — Honey Production,Air Incorporation Defects,comparison,BRIEF_READY,TO_BE_CREATED_OR_COMMISSIONED,PENDING_ASSET_REVIEW,double-column,docs/illustration-plans/chapter-53-illustration-plan.md
F53.07,53.7,53,Creamed Honey,VI — Honey Production,Setting-Room Temperature Mapping,map_landscape,BRIEF_READY,TO_BE_CREATED_OR_COMMISSIONED,PENDING_ASSET_REVIEW,double-column-or-full-page,docs/illustration-plans/chapter-53-illustration-plan.md
F53.08,53.8,53,Creamed Honey,VI — Honey Production,Texture Defect Atlas,scientific_illustration,BRIEF_READY,TO_BE_CREATED_OR_COMMISSIONED,PENDING_ASSET_REVIEW,single-or-double-column,docs/illustration-plans/chapter-53-illustration-plan.md
F53.09,53.9,53,Creamed Honey,VI — Honey Production,Phase Separation and Moisture Redistribution,scientific_illustration,BRIEF_READY,TO_BE_CREATED_OR_COMMISSIONED,PENDING_ASSET_REVIEW,single-or-double-column,docs/illustration-plans/chapter-53-illustration-plan.md
F53.10,53.10,53,Creamed Honey,VI — Honey Production,Rework Decision,decision_flow,BRIEF_READY,TO_BE_CREATED_OR_COMMISSIONED,PENDING_ASSET_REVIEW,double-column-or-full-page,docs/illustration-plans/chapter-53-illustration-plan.md
F53.11,53.11,53,Creamed Honey,VI — Honey Production,Plain Versus Flavoured Product Controls,comparison,BRIEF_READY,TO_BE_CREATED_OR_COMMISSIONED,PENDING_ASSET_REVIEW,double-column,docs/illustration-plans/chapter-53-illustration-plan.md
F53.12,53.12,53,Creamed Honey,VI — Honey Production,Scale-Up Effects,comparison,BRIEF_READY,TO_BE_CREATED_OR_COMMISSIONED,PENDING_ASSET_REVIEW,double-column,docs/illustration-plans/chapter-53-illustration-plan.md
F54.01,54.1,54,Wax Processing,VI — Honey Production,Wax Source Streams,process,BRIEF_READY,TO_BE_CREATED_OR_COMMISSIONED,PENDING_ASSET_REVIEW,single-or-double-column,docs/illustration-plans/chapter-54-illustration-plan.md
F54.02,54.2,54,Wax Processing,VI — Honey Production,New Comb Versus Old Brood Comb,comparison,BRIEF_READY,TO_BE_CREATED_OR_COMMISSIONED,PENDING_ASSET_REVIEW,double-column,docs/illustration-plans/chapter-54-illustration-plan.md
F54.03,54.3,54,Wax Processing,VI — Honey Production,Rendering Methods Compared,comparison,BRIEF_READY,TO_BE_CREATED_OR_COMMISSIONED,PENDING_ASSET_REVIEW,double-column,docs/illustration-plans/chapter-54-illustration-plan.md
F54.04,54.4,54,Wax Processing,VI — Honey Production,Water Rendering Separation,scientific_illustration,BRIEF_READY,TO_BE_CREATED_OR_COMMISSIONED,PENDING_ASSET_REVIEW,single-or-double-column,docs/illustration-plans/chapter-54-illustration-plan.md
F54.05,54.5,54,Wax Processing,VI — Honey Production,Safe Steam Rendering,scientific_illustration,BRIEF_READY,TO_BE_CREATED_OR_COMMISSIONED,PENDING_ASSET_REVIEW,single-or-double-column,docs/illustration-plans/chapter-54-illustration-plan.md
F54.06,54.6,54,Wax Processing,VI — Honey Production,Water and Overheated Wax Hazard,scientific_illustration,BRIEF_READY,TO_BE_CREATED_OR_COMMISSIONED,PENDING_ASSET_REVIEW,single-or-double-column,docs/illustration-plans/chapter-54-illustration-plan.md
F54.07,54.7,54,Wax Processing,VI — Honey Production,Safe Wax Workstation,scientific_illustration,BRIEF_READY,TO_BE_CREATED_OR_COMMISSIONED,PENDING_ASSET_REVIEW,single-or-double-column,docs/illustration-plans/chapter-54-illustration-plan.md
F54.08,54.8,54,Wax Processing,VI — Honey Production,Coarse and Fine Physical Filtration,scientific_illustration,BRIEF_READY,TO_BE_CREATED_OR_COMMISSIONED,PENDING_ASSET_REVIEW,single-or-double-column,docs/illustration-plans/chapter-54-illustration-plan.md
F54.09,54.9,54,Wax Processing,VI — Honey Production,Wax Block Cooling,scientific_illustration,BRIEF_READY,TO_BE_CREATED_OR_COMMISSIONED,PENDING_ASSET_REVIEW,single-or-double-column,docs/illustration-plans/chapter-54-illustration-plan.md
F54.10,54.10,54,Wax Processing,VI — Honey Production,Mass Balance,scientific_illustration,BRIEF_READY,TO_BE_CREATED_OR_COMMISSIONED,PENDING_ASSET_REVIEW,single-or-double-column,docs/illustration-plans/chapter-54-illustration-plan.md
F54.11,54.11,54,Wax Processing,VI — Honey Production,Processing Is Not Chemical Purification,process,BRIEF_READY,TO_BE_CREATED_OR_COMMISSIONED,PENDING_ASSET_REVIEW,single-or-double-column,docs/illustration-plans/chapter-54-illustration-plan.md
F54.12,54.12,54,Wax Processing,VI — Honey Production,End-Use Decision,decision_flow,BRIEF_READY,TO_BE_CREATED_OR_COMMISSIONED,PENDING_ASSET_REVIEW,double-column-or-full-page,docs/illustration-plans/chapter-54-illustration-plan.md
F54.13,54.13,54,Wax Processing,VI — Honey Production,Authenticity Testing,chart_data,BRIEF_READY,TO_BE_CREATED_OR_COMMISSIONED,PENDING_ASSET_REVIEW,double-column-or-full-page,docs/illustration-plans/chapter-54-illustration-plan.md
F54.14,54.14,54,Wax Processing,VI — Honey Production,Emergency Response Panels,scientific_illustration,BRIEF_READY,TO_BE_CREATED_OR_COMMISSIONED,PENDING_ASSET_REVIEW,single-or-double-column,docs/illustration-plans/chapter-54-illustration-plan.md
F55.01,55.1,55,Beeswax,VII — Other Hive Products,Wax Production by a Worker Bee,anatomical,BRIEF_READY,TO_BE_CREATED_OR_COMMISSIONED,PENDING_ASSET_REVIEW,double-column,docs/illustration-plans/chapter-55-illustration-plan.md
F55.02,55.2,55,Beeswax,VII — Other Hive Products,Wax Source Streams,decision_flow,BRIEF_READY,TO_BE_CREATED_OR_COMMISSIONED,PENDING_ASSET_REVIEW,double-column-or-full-page,docs/illustration-plans/chapter-55-illustration-plan.md
F55.03,55.3,55,Beeswax,VII — Other Hive Products,New Comb Versus Old Brood Comb,comparison,BRIEF_READY,TO_BE_CREATED_OR_COMMISSIONED,PENDING_ASSET_REVIEW,double-column,docs/illustration-plans/chapter-55-illustration-plan.md
F55.04,55.4,55,Beeswax,VII — Other Hive Products,Lipophilic Residue Accumulation,scientific_illustration,BRIEF_READY,TO_BE_CREATED_OR_COMMISSIONED,PENDING_ASSET_REVIEW,single-or-double-column,docs/illustration-plans/chapter-55-illustration-plan.md
F55.05,55.5,55,Beeswax,VII — Other Hive Products,Rendering Methods Compared,comparison,BRIEF_READY,TO_BE_CREATED_OR_COMMISSIONED,PENDING_ASSET_REVIEW,double-column,docs/illustration-plans/chapter-55-illustration-plan.md
F55.06,55.6,55,Beeswax,VII — Other Hive Products,Water Rendering Separation,scientific_illustration,BRIEF_READY,TO_BE_CREATED_OR_COMMISSIONED,PENDING_ASSET_REVIEW,single-or-double-column,docs/illustration-plans/chapter-55-illustration-plan.md
F55.07,55.7,55,Beeswax,VII — Other Hive Products,Safe Molten-Wax Workstation,scientific_illustration,BRIEF_READY,TO_BE_CREATED_OR_COMMISSIONED,PENDING_ASSET_REVIEW,single-or-double-column,docs/illustration-plans/chapter-55-illustration-plan.md
F55.08,55.8,55,Beeswax,VII — Other Hive Products,Wax Fire and Water Hazard,scientific_illustration,BRIEF_READY,TO_BE_CREATED_OR_COMMISSIONED,PENDING_ASSET_REVIEW,single-or-double-column,docs/illustration-plans/chapter-55-illustration-plan.md
F55.09,55.9,55,Beeswax,VII — Other Hive Products,Coarse and Fine Physical Filtration,scientific_illustration,BRIEF_READY,TO_BE_CREATED_OR_COMMISSIONED,PENDING_ASSET_REVIEW,single-or-double-column,docs/illustration-plans/chapter-55-illustration-plan.md
F55.10,55.10,55,Beeswax,VII — Other Hive Products,Wax Block Cooling and Shrinkage,scientific_illustration,BRIEF_READY,TO_BE_CREATED_OR_COMMISSIONED,PENDING_ASSET_REVIEW,single-or-double-column,docs/illustration-plans/chapter-55-illustration-plan.md
F55.11,55.11,55,Beeswax,VII — Other Hive Products,End-Use Quality Ladder,scientific_illustration,BRIEF_READY,TO_BE_CREATED_OR_COMMISSIONED,PENDING_ASSET_REVIEW,single-or-double-column,docs/illustration-plans/chapter-55-illustration-plan.md
F55.12,55.12,55,Beeswax,VII — Other Hive Products,Beeswax Adulteration,chart_data,BRIEF_READY,TO_BE_CREATED_OR_COMMISSIONED,PENDING_ASSET_REVIEW,double-column-or-full-page,docs/illustration-plans/chapter-55-illustration-plan.md
F55.13,55.13,55,Beeswax,VII — Other Hive Products,EU E901 Context,scientific_illustration,BRIEF_READY,TO_BE_CREATED_OR_COMMISSIONED,PENDING_ASSET_REVIEW,single-or-double-column,docs/illustration-plans/chapter-55-illustration-plan.md
F55.14,55.14,55,Beeswax,VII — Other Hive Products,Wax Lot Traceability,scientific_illustration,BRIEF_READY,TO_BE_CREATED_OR_COMMISSIONED,PENDING_ASSET_REVIEW,single-or-double-column,docs/illustration-plans/chapter-55-illustration-plan.md
F56.01,56.1,56,Pollen,VII — Other Hive Products,From Flower to Pollen Pellet,scientific_illustration,BRIEF_READY,TO_BE_CREATED_OR_COMMISSIONED,PENDING_ASSET_REVIEW,single-or-double-column,docs/illustration-plans/chapter-56-illustration-plan.md
F56.02,56.2,56,Pollen,VII — Other Hive Products,Pollen in Colony Nutrition,anatomical,BRIEF_READY,TO_BE_CREATED_OR_COMMISSIONED,PENDING_ASSET_REVIEW,double-column,docs/illustration-plans/chapter-56-illustration-plan.md
F56.03,56.3,56,Pollen,VII — Other Hive Products,Bee Pollen Versus Bee Bread,comparison,BRIEF_READY,TO_BE_CREATED_OR_COMMISSIONED,PENDING_ASSET_REVIEW,double-column,docs/illustration-plans/chapter-56-illustration-plan.md
F56.04,56.4,56,Pollen,VII — Other Hive Products,Pollen Trap Principle,scientific_illustration,BRIEF_READY,TO_BE_CREATED_OR_COMMISSIONED,PENDING_ASSET_REVIEW,single-or-double-column,docs/illustration-plans/chapter-56-illustration-plan.md
F56.05,56.5,56,Pollen,VII — Other Hive Products,Colony Cost of Over-Trapping,comparison,BRIEF_READY,TO_BE_CREATED_OR_COMMISSIONED,PENDING_ASSET_REVIEW,double-column,docs/illustration-plans/chapter-56-illustration-plan.md
F56.06,56.6,56,Pollen,VII — Other Hive Products,Hygienic Collection Workflow,process,BRIEF_READY,TO_BE_CREATED_OR_COMMISSIONED,PENDING_ASSET_REVIEW,single-or-double-column,docs/illustration-plans/chapter-56-illustration-plan.md
F56.07,56.7,56,Pollen,VII — Other Hive Products,"Fresh, Dried, Frozen, and Freeze-Dried Pollen",scientific_illustration,BRIEF_READY,TO_BE_CREATED_OR_COMMISSIONED,PENDING_ASSET_REVIEW,single-or-double-column,docs/illustration-plans/chapter-56-illustration-plan.md
F56.08,56.8,56,Pollen,VII — Other Hive Products,Drying Control,scientific_illustration,BRIEF_READY,TO_BE_CREATED_OR_COMMISSIONED,PENDING_ASSET_REVIEW,single-or-double-column,docs/illustration-plans/chapter-56-illustration-plan.md
F56.09,56.9,56,Pollen,VII — Other Hive Products,Moisture Versus Water Activity,comparison,BRIEF_READY,TO_BE_CREATED_OR_COMMISSIONED,PENDING_ASSET_REVIEW,double-column,docs/illustration-plans/chapter-56-illustration-plan.md
F56.10,56.10,56,Pollen,VII — Other Hive Products,Bee-Pollen Safety Hazards,scientific_illustration,BRIEF_READY,TO_BE_CREATED_OR_COMMISSIONED,PENDING_ASSET_REVIEW,single-or-double-column,docs/illustration-plans/chapter-56-illustration-plan.md
F56.11,56.11,56,Pollen,VII — Other Hive Products,Representative Sampling,process,BRIEF_READY,TO_BE_CREATED_OR_COMMISSIONED,PENDING_ASSET_REVIEW,single-or-double-column,docs/illustration-plans/chapter-56-illustration-plan.md
F56.12,56.12,56,Pollen,VII — Other Hive Products,Botanical Identification,scientific_illustration,BRIEF_READY,TO_BE_CREATED_OR_COMMISSIONED,PENDING_ASSET_REVIEW,single-or-double-column,docs/illustration-plans/chapter-56-illustration-plan.md
F56.13,56.13,56,Pollen,VII — Other Hive Products,Allergy and Anaphylaxis Warning,comparison,BRIEF_READY,TO_BE_CREATED_OR_COMMISSIONED,PENDING_ASSET_REVIEW,double-column,docs/illustration-plans/chapter-56-illustration-plan.md
F56.14,56.14,56,Pollen,VII — Other Hive Products,Traceability Chain,scientific_illustration,BRIEF_READY,TO_BE_CREATED_OR_COMMISSIONED,PENDING_ASSET_REVIEW,single-or-double-column,docs/illustration-plans/chapter-56-illustration-plan.md
F57.01,57.1,57,Propolis,VII — Other Hive Products,From Plant Resin to Propolis,scientific_illustration,BRIEF_READY,TO_BE_CREATED_OR_COMMISSIONED,PENDING_ASSET_REVIEW,single-or-double-column,docs/illustration-plans/chapter-57-illustration-plan.md
F57.02,57.2,57,Propolis,VII — Other Hive Products,Propolis Envelope,technical_cutaway,BRIEF_READY,TO_BE_CREATED_OR_COMMISSIONED,PENDING_ASSET_REVIEW,double-column,docs/illustration-plans/chapter-57-illustration-plan.md
F57.03,57.3,57,Propolis,VII — Other Hive Products,Chemical Diversity by Botanical Region,scientific_illustration,BRIEF_READY,TO_BE_CREATED_OR_COMMISSIONED,PENDING_ASSET_REVIEW,single-or-double-column,docs/illustration-plans/chapter-57-illustration-plan.md
F57.04,57.4,57,Propolis,VII — Other Hive Products,Trap Collection Versus Random Scraping,comparison,BRIEF_READY,TO_BE_CREATED_OR_COMMISSIONED,PENDING_ASSET_REVIEW,double-column,docs/illustration-plans/chapter-57-illustration-plan.md
F57.05,57.5,57,Propolis,VII — Other Hive Products,Cold Harvest Workflow,process,BRIEF_READY,TO_BE_CREATED_OR_COMMISSIONED,PENDING_ASSET_REVIEW,single-or-double-column,docs/illustration-plans/chapter-57-illustration-plan.md
F57.06,57.6,57,Propolis,VII — Other Hive Products,Raw Propolis Defect Atlas,scientific_illustration,BRIEF_READY,TO_BE_CREATED_OR_COMMISSIONED,PENDING_ASSET_REVIEW,single-or-double-column,docs/illustration-plans/chapter-57-illustration-plan.md
F57.07,57.7,57,Propolis,VII — Other Hive Products,Solvent Selectivity,scientific_illustration,BRIEF_READY,TO_BE_CREATED_OR_COMMISSIONED,PENDING_ASSET_REVIEW,single-or-double-column,docs/illustration-plans/chapter-57-illustration-plan.md
F57.08,57.8,57,Propolis,VII — Other Hive Products,Ethanol Safety,process,BRIEF_READY,TO_BE_CREATED_OR_COMMISSIONED,PENDING_ASSET_REVIEW,single-or-double-column,docs/illustration-plans/chapter-57-illustration-plan.md
F57.09,57.9,57,Propolis,VII — Other Hive Products,Evidence Ladder,scientific_illustration,BRIEF_READY,TO_BE_CREATED_OR_COMMISSIONED,PENDING_ASSET_REVIEW,single-or-double-column,docs/illustration-plans/chapter-57-illustration-plan.md
F57.10,57.10,57,Propolis,VII — Other Hive Products,Propolis Laboratory Toolbox,scientific_illustration,BRIEF_READY,TO_BE_CREATED_OR_COMMISSIONED,PENDING_ASSET_REVIEW,single-or-double-column,docs/illustration-plans/chapter-57-illustration-plan.md
F57.11,57.11,57,Propolis,VII — Other Hive Products,Allergy Risk,scientific_illustration,BRIEF_READY,TO_BE_CREATED_OR_COMMISSIONED,PENDING_ASSET_REVIEW,single-or-double-column,docs/illustration-plans/chapter-57-illustration-plan.md
F57.12,57.12,57,Propolis,VII — Other Hive Products,Authentication,scientific_illustration,BRIEF_READY,TO_BE_CREATED_OR_COMMISSIONED,PENDING_ASSET_REVIEW,single-or-double-column,docs/illustration-plans/chapter-57-illustration-plan.md
F57.13,57.13,57,Propolis,VII — Other Hive Products,Traceability Chain,scientific_illustration,BRIEF_READY,TO_BE_CREATED_OR_COMMISSIONED,PENDING_ASSET_REVIEW,single-or-double-column,docs/illustration-plans/chapter-57-illustration-plan.md
F57.14,57.14,57,Propolis,VII — Other Hive Products,Standards Context,scientific_illustration,BRIEF_READY,TO_BE_CREATED_OR_COMMISSIONED,PENDING_ASSET_REVIEW,single-or-double-column,docs/illustration-plans/chapter-57-illustration-plan.md
F58.01,58.1,58,Royal Jelly,VII — Other Hive Products,Nurse-Bee Glands and Royal Jelly Production,anatomical,BRIEF_READY,TO_BE_CREATED_OR_COMMISSIONED,PENDING_ASSET_REVIEW,double-column,docs/illustration-plans/chapter-58-illustration-plan.md
F58.02,58.2,58,Royal Jelly,VII — Other Hive Products,Queen Versus Worker Feeding,comparison,BRIEF_READY,TO_BE_CREATED_OR_COMMISSIONED,PENDING_ASSET_REVIEW,double-column,docs/illustration-plans/chapter-58-illustration-plan.md
F58.03,58.3,58,Royal Jelly,VII — Other Hive Products,Commercial Production Cycle,scientific_illustration,BRIEF_READY,TO_BE_CREATED_OR_COMMISSIONED,PENDING_ASSET_REVIEW,single-or-double-column,docs/illustration-plans/chapter-58-illustration-plan.md
F58.04,58.4,58,Royal Jelly,VII — Other Hive Products,Nurse Capacity Versus Cell Load,comparison,BRIEF_READY,TO_BE_CREATED_OR_COMMISSIONED,PENDING_ASSET_REVIEW,double-column,docs/illustration-plans/chapter-58-illustration-plan.md
F58.05,58.5,58,Royal Jelly,VII — Other Hive Products,Safe Grafting,scientific_illustration,BRIEF_READY,TO_BE_CREATED_OR_COMMISSIONED,PENDING_ASSET_REVIEW,single-or-double-column,docs/illustration-plans/chapter-58-illustration-plan.md
F58.06,58.6,58,Royal Jelly,VII — Other Hive Products,Hygienic Harvest,scientific_illustration,BRIEF_READY,TO_BE_CREATED_OR_COMMISSIONED,PENDING_ASSET_REVIEW,single-or-double-column,docs/illustration-plans/chapter-58-illustration-plan.md
F58.07,58.7,58,Royal Jelly,VII — Other Hive Products,Cold Chain,process,BRIEF_READY,TO_BE_CREATED_OR_COMMISSIONED,PENDING_ASSET_REVIEW,single-or-double-column,docs/illustration-plans/chapter-58-illustration-plan.md
F58.08,58.8,58,Royal Jelly,VII — Other Hive Products,Royal Jelly Quality Dimensions,scientific_illustration,BRIEF_READY,TO_BE_CREATED_OR_COMMISSIONED,PENDING_ASSET_REVIEW,single-or-double-column,docs/illustration-plans/chapter-58-illustration-plan.md
F58.09,58.9,58,Royal Jelly,VII — Other Hive Products,Why 10-HDA Alone Is Not a Freshness Test,scientific_illustration,BRIEF_READY,TO_BE_CREATED_OR_COMMISSIONED,PENDING_ASSET_REVIEW,single-or-double-column,docs/illustration-plans/chapter-58-illustration-plan.md
F58.10,58.10,58,Royal Jelly,VII — Other Hive Products,Storage and Freshness Risks,scientific_illustration,BRIEF_READY,TO_BE_CREATED_OR_COMMISSIONED,PENDING_ASSET_REVIEW,single-or-double-column,docs/illustration-plans/chapter-58-illustration-plan.md
F58.11,58.11,58,Royal Jelly,VII — Other Hive Products,Product Forms,scientific_illustration,BRIEF_READY,TO_BE_CREATED_OR_COMMISSIONED,PENDING_ASSET_REVIEW,single-or-double-column,docs/illustration-plans/chapter-58-illustration-plan.md
F58.12,58.12,58,Royal Jelly,VII — Other Hive Products,Adulteration Investigation,scientific_illustration,BRIEF_READY,TO_BE_CREATED_OR_COMMISSIONED,PENDING_ASSET_REVIEW,single-or-double-column,docs/illustration-plans/chapter-58-illustration-plan.md
F58.13,58.13,58,Royal Jelly,VII — Other Hive Products,Allergy and Claims Boundary,scientific_illustration,BRIEF_READY,TO_BE_CREATED_OR_COMMISSIONED,PENDING_ASSET_REVIEW,single-or-double-column,docs/illustration-plans/chapter-58-illustration-plan.md
F58.14,58.14,58,Royal Jelly,VII — Other Hive Products,Current Standards,decision_flow,BRIEF_READY,TO_BE_CREATED_OR_COMMISSIONED,PENDING_ASSET_REVIEW,double-column-or-full-page,docs/illustration-plans/chapter-58-illustration-plan.md
F59.01,59.1,59,Bee Venom,VII — Other Hive Products,Worker Bee Sting Apparatus,comparison,BRIEF_READY,TO_BE_CREATED_OR_COMMISSIONED,PENDING_ASSET_REVIEW,double-column,docs/illustration-plans/chapter-59-illustration-plan.md
F59.02,59.2,59,Bee Venom,VII — Other Hive Products,Major Venom Components,scientific_illustration,BRIEF_READY,TO_BE_CREATED_OR_COMMISSIONED,PENDING_ASSET_REVIEW,single-or-double-column,docs/illustration-plans/chapter-59-illustration-plan.md
F59.03,59.3,59,Bee Venom,VII — Other Hive Products,Sting Reaction Spectrum,scientific_illustration,BRIEF_READY,TO_BE_CREATED_OR_COMMISSIONED,PENDING_ASSET_REVIEW,single-or-double-column,docs/illustration-plans/chapter-59-illustration-plan.md
F59.04,59.4,59,Bee Venom,VII — Other Hive Products,Raw Venom Versus Venom Immunotherapy,comparison,BRIEF_READY,TO_BE_CREATED_OR_COMMISSIONED,PENDING_ASSET_REVIEW,double-column,docs/illustration-plans/chapter-59-illustration-plan.md
F59.05,59.5,59,Bee Venom,VII — Other Hive Products,Professional Electrical Collection Principle,scientific_illustration,BRIEF_READY,TO_BE_CREATED_OR_COMMISSIONED,PENDING_ASSET_REVIEW,single-or-double-column,docs/illustration-plans/chapter-59-illustration-plan.md
F59.06,59.6,59,Bee Venom,VII — Other Hive Products,Safe Collection Site,scientific_illustration,BRIEF_READY,TO_BE_CREATED_OR_COMMISSIONED,PENDING_ASSET_REVIEW,single-or-double-column,docs/illustration-plans/chapter-59-illustration-plan.md
F59.07,59.7,59,Bee Venom,VII — Other Hive Products,Pre-Use Equipment Inspection,scientific_illustration,BRIEF_READY,TO_BE_CREATED_OR_COMMISSIONED,PENDING_ASSET_REVIEW,single-or-double-column,docs/illustration-plans/chapter-59-illustration-plan.md
F59.08,59.8,59,Bee Venom,VII — Other Hive Products,Dry Venom Recovery,scientific_illustration,BRIEF_READY,TO_BE_CREATED_OR_COMMISSIONED,PENDING_ASSET_REVIEW,single-or-double-column,docs/illustration-plans/chapter-59-illustration-plan.md
F59.09,59.9,59,Bee Venom,VII — Other Hive Products,Occupational Exposure Routes,scientific_illustration,BRIEF_READY,TO_BE_CREATED_OR_COMMISSIONED,PENDING_ASSET_REVIEW,single-or-double-column,docs/illustration-plans/chapter-59-illustration-plan.md
F59.10,59.10,59,Bee Venom,VII — Other Hive Products,Multicomponent Quality Control,scientific_illustration,BRIEF_READY,TO_BE_CREATED_OR_COMMISSIONED,PENDING_ASSET_REVIEW,single-or-double-column,docs/illustration-plans/chapter-59-illustration-plan.md
F59.11,59.11,59,Bee Venom,VII — Other Hive Products,Melittin-Equivalence Concept,scientific_illustration,BRIEF_READY,TO_BE_CREATED_OR_COMMISSIONED,PENDING_ASSET_REVIEW,single-or-double-column,docs/illustration-plans/chapter-59-illustration-plan.md
F59.12,59.12,59,Bee Venom,VII — Other Hive Products,Analytical Toolbox,scientific_illustration,BRIEF_READY,TO_BE_CREATED_OR_COMMISSIONED,PENDING_ASSET_REVIEW,single-or-double-column,docs/illustration-plans/chapter-59-illustration-plan.md
F59.13,59.13,59,Bee Venom,VII — Other Hive Products,Colony Welfare and Recovery,scientific_illustration,BRIEF_READY,TO_BE_CREATED_OR_COMMISSIONED,PENDING_ASSET_REVIEW,single-or-double-column,docs/illustration-plans/chapter-59-illustration-plan.md
F59.14,59.14,59,Bee Venom,VII — Other Hive Products,Medical Evidence Boundary,scientific_illustration,BRIEF_READY,TO_BE_CREATED_OR_COMMISSIONED,PENDING_ASSET_REVIEW,single-or-double-column,docs/illustration-plans/chapter-59-illustration-plan.md
F60.01,60.1,60,Starting a Beekeeping Business,VIII — Beekeeping Business,Beekeeping Business System,process,BRIEF_READY,TO_BE_CREATED_OR_COMMISSIONED,PENDING_ASSET_REVIEW,single-or-double-column,docs/illustration-plans/chapter-60-illustration-plan.md
F60.02,60.2,60,Starting a Beekeeping Business,VIII — Beekeeping Business,Revenue Streams and Biological Inputs,map_landscape,BRIEF_READY,TO_BE_CREATED_OR_COMMISSIONED,PENDING_ASSET_REVIEW,double-column-or-full-page,docs/illustration-plans/chapter-60-illustration-plan.md
F60.03,60.3,60,Starting a Beekeeping Business,VIII — Beekeeping Business,Bottleneck Principle,scientific_illustration,BRIEF_READY,TO_BE_CREATED_OR_COMMISSIONED,PENDING_ASSET_REVIEW,single-or-double-column,docs/illustration-plans/chapter-60-illustration-plan.md
F60.04,60.4,60,Starting a Beekeeping Business,VIII — Beekeeping Business,"Revenue, Margin, Profit, and Cash Flow",scientific_illustration,BRIEF_READY,TO_BE_CREATED_OR_COMMISSIONED,PENDING_ASSET_REVIEW,single-or-double-column,docs/illustration-plans/chapter-60-illustration-plan.md
F60.05,60.5,60,Starting a Beekeeping Business,VIII — Beekeeping Business,Working-Capital Season,chart_data,BRIEF_READY,TO_BE_CREATED_OR_COMMISSIONED,PENDING_ASSET_REVIEW,double-column-or-full-page,docs/illustration-plans/chapter-60-illustration-plan.md
F60.06,60.6,60,Starting a Beekeeping Business,VIII — Beekeeping Business,Poor / Expected / Strong Season Scenarios,scientific_illustration,BRIEF_READY,TO_BE_CREATED_OR_COMMISSIONED,PENDING_ASSET_REVIEW,single-or-double-column,docs/illustration-plans/chapter-60-illustration-plan.md
F60.07,60.7,60,Starting a Beekeeping Business,VIII — Beekeeping Business,Unit Economics,scientific_illustration,BRIEF_READY,TO_BE_CREATED_OR_COMMISSIONED,PENDING_ASSET_REVIEW,single-or-double-column,docs/illustration-plans/chapter-60-illustration-plan.md
F60.08,60.8,60,Starting a Beekeeping Business,VIII — Beekeeping Business,Break-Even,scientific_illustration,BRIEF_READY,TO_BE_CREATED_OR_COMMISSIONED,PENDING_ASSET_REVIEW,single-or-double-column,docs/illustration-plans/chapter-60-illustration-plan.md
F60.09,60.9,60,Starting a Beekeeping Business,VIII — Beekeeping Business,Compliance Map,map_landscape,BRIEF_READY,TO_BE_CREATED_OR_COMMISSIONED,PENDING_ASSET_REVIEW,double-column-or-full-page,docs/illustration-plans/chapter-60-illustration-plan.md
F60.10,60.10,60,Starting a Beekeeping Business,VIII — Beekeeping Business,EU/Irish 2026 Example,scientific_illustration,BRIEF_READY,TO_BE_CREATED_OR_COMMISSIONED,PENDING_ASSET_REVIEW,single-or-double-column,docs/illustration-plans/chapter-60-illustration-plan.md
F60.11,60.11,60,Starting a Beekeeping Business,VIII — Beekeeping Business,Scaling Stages,process,BRIEF_READY,TO_BE_CREATED_OR_COMMISSIONED,PENDING_ASSET_REVIEW,single-or-double-column,docs/illustration-plans/chapter-60-illustration-plan.md
F60.12,60.12,60,Starting a Beekeeping Business,VIII — Beekeeping Business,Risk Matrix,chart_data,BRIEF_READY,TO_BE_CREATED_OR_COMMISSIONED,PENDING_ASSET_REVIEW,double-column-or-full-page,docs/illustration-plans/chapter-60-illustration-plan.md
F60.13,60.13,60,Starting a Beekeeping Business,VIII — Beekeeping Business,Start-Up Sequence,map_landscape,BRIEF_READY,TO_BE_CREATED_OR_COMMISSIONED,PENDING_ASSET_REVIEW,double-column-or-full-page,docs/illustration-plans/chapter-60-illustration-plan.md
F61.01,61.1,61,Equipment Costs,VIII — Beekeeping Business,Equipment System by Product Flow,process,BRIEF_READY,TO_BE_CREATED_OR_COMMISSIONED,PENDING_ASSET_REVIEW,single-or-double-column,docs/illustration-plans/chapter-61-illustration-plan.md
F61.02,61.2,61,Equipment Costs,VIII — Beekeeping Business,Purchase Price Versus Total Cost of Ownership,comparison,BRIEF_READY,TO_BE_CREATED_OR_COMMISSIONED,PENDING_ASSET_REVIEW,double-column,docs/illustration-plans/chapter-61-illustration-plan.md
F61.03,61.3,61,Equipment Costs,VIII — Beekeeping Business,Capacity Bottleneck Example,scientific_illustration,BRIEF_READY,TO_BE_CREATED_OR_COMMISSIONED,PENDING_ASSET_REVIEW,single-or-double-column,docs/illustration-plans/chapter-61-illustration-plan.md
F61.04,61.4,61,Equipment Costs,VIII — Beekeeping Business,Extractor Throughput,scientific_illustration,BRIEF_READY,TO_BE_CREATED_OR_COMMISSIONED,PENDING_ASSET_REVIEW,single-or-double-column,docs/illustration-plans/chapter-61-illustration-plan.md
F61.05,61.5,61,Equipment Costs,VIII — Beekeeping Business,Manual Versus Mechanised Cost Trade-Off,comparison,BRIEF_READY,TO_BE_CREATED_OR_COMMISSIONED,PENDING_ASSET_REVIEW,double-column,docs/illustration-plans/chapter-61-illustration-plan.md
F61.06,61.6,61,Equipment Costs,VIII — Beekeeping Business,Used Equipment Risk Check,scientific_illustration,BRIEF_READY,TO_BE_CREATED_OR_COMMISSIONED,PENDING_ASSET_REVIEW,single-or-double-column,docs/illustration-plans/chapter-61-illustration-plan.md
F61.07,61.7,61,Equipment Costs,VIII — Beekeeping Business,Buy / Rent / Share / Outsource Decision,decision_flow,BRIEF_READY,TO_BE_CREATED_OR_COMMISSIONED,PENDING_ASSET_REVIEW,double-column-or-full-page,docs/illustration-plans/chapter-61-illustration-plan.md
F61.08,61.8,61,Equipment Costs,VIII — Beekeeping Business,Depreciation and Replacement Reserve,scientific_illustration,BRIEF_READY,TO_BE_CREATED_OR_COMMISSIONED,PENDING_ASSET_REVIEW,single-or-double-column,docs/illustration-plans/chapter-61-illustration-plan.md
F61.09,61.9,61,Equipment Costs,VIII — Beekeeping Business,Labour-Saving Investment,comparison,BRIEF_READY,TO_BE_CREATED_OR_COMMISSIONED,PENDING_ASSET_REVIEW,double-column,docs/illustration-plans/chapter-61-illustration-plan.md
F61.10,61.10,61,Equipment Costs,VIII — Beekeeping Business,Commercial Honey-Room Capacity Map,map_landscape,BRIEF_READY,TO_BE_CREATED_OR_COMMISSIONED,PENDING_ASSET_REVIEW,double-column-or-full-page,docs/illustration-plans/chapter-61-illustration-plan.md
F61.11,61.11,61,Equipment Costs,VIII — Beekeeping Business,Critical Spares,scientific_illustration,BRIEF_READY,TO_BE_CREATED_OR_COMMISSIONED,PENDING_ASSET_REVIEW,single-or-double-column,docs/illustration-plans/chapter-61-illustration-plan.md
F61.12,61.12,61,Equipment Costs,VIII — Beekeeping Business,Cold-Chain Equipment,scientific_illustration,BRIEF_READY,TO_BE_CREATED_OR_COMMISSIONED,PENDING_ASSET_REVIEW,single-or-double-column,docs/illustration-plans/chapter-61-illustration-plan.md
F61.13,61.13,61,Equipment Costs,VIII — Beekeeping Business,Costing Worksheet,process,BRIEF_READY,TO_BE_CREATED_OR_COMMISSIONED,PENDING_ASSET_REVIEW,single-or-double-column,docs/illustration-plans/chapter-61-illustration-plan.md
F62.01,62.1,62,Marketing,VIII — Beekeeping Business,Marketing System,scientific_illustration,BRIEF_READY,TO_BE_CREATED_OR_COMMISSIONED,PENDING_ASSET_REVIEW,single-or-double-column,docs/illustration-plans/chapter-62-illustration-plan.md
F62.02,62.2,62,Marketing,VIII — Beekeeping Business,Customer Segments by Need,chart_data,BRIEF_READY,TO_BE_CREATED_OR_COMMISSIONED,PENDING_ASSET_REVIEW,double-column-or-full-page,docs/illustration-plans/chapter-62-illustration-plan.md
F62.03,62.3,62,Marketing,VIII — Beekeeping Business,Value Proposition,scientific_illustration,BRIEF_READY,TO_BE_CREATED_OR_COMMISSIONED,PENDING_ASSET_REVIEW,single-or-double-column,docs/illustration-plans/chapter-62-illustration-plan.md
F62.04,62.4,62,Marketing,VIII — Beekeeping Business,Product Portfolio and SKU Complexity,comparison,BRIEF_READY,TO_BE_CREATED_OR_COMMISSIONED,PENDING_ASSET_REVIEW,double-column,docs/illustration-plans/chapter-62-illustration-plan.md
F62.05,62.5,62,Marketing,VIII — Beekeeping Business,Sales Channels Compared,comparison,BRIEF_READY,TO_BE_CREATED_OR_COMMISSIONED,PENDING_ASSET_REVIEW,double-column,docs/illustration-plans/chapter-62-illustration-plan.md
F62.06,62.6,62,Marketing,VIII — Beekeeping Business,Origin as Marketing Evidence,scientific_illustration,BRIEF_READY,TO_BE_CREATED_OR_COMMISSIONED,PENDING_ASSET_REVIEW,single-or-double-column,docs/illustration-plans/chapter-62-illustration-plan.md
F62.07,62.7,62,Marketing,VIII — Beekeeping Business,Floral Claim Evidence,map_landscape,BRIEF_READY,TO_BE_CREATED_OR_COMMISSIONED,PENDING_ASSET_REVIEW,double-column-or-full-page,docs/illustration-plans/chapter-62-illustration-plan.md
F62.08,62.8,62,Marketing,VIII — Beekeeping Business,Health-Claim Boundary,scientific_illustration,BRIEF_READY,TO_BE_CREATED_OR_COMMISSIONED,PENDING_ASSET_REVIEW,single-or-double-column,docs/illustration-plans/chapter-62-illustration-plan.md
F62.09,62.9,62,Marketing,VIII — Beekeeping Business,Distance-Selling Product Page,scientific_illustration,BRIEF_READY,TO_BE_CREATED_OR_COMMISSIONED,PENDING_ASSET_REVIEW,single-or-double-column,docs/illustration-plans/chapter-62-illustration-plan.md
F62.10,62.10,62,Marketing,VIII — Beekeeping Business,Marketing Metrics Funnel,scientific_illustration,BRIEF_READY,TO_BE_CREATED_OR_COMMISSIONED,PENDING_ASSET_REVIEW,single-or-double-column,docs/illustration-plans/chapter-62-illustration-plan.md
F62.11,62.11,62,Marketing,VIII — Beekeeping Business,Wholesale Sell Sheet,scientific_illustration,BRIEF_READY,TO_BE_CREATED_OR_COMMISSIONED,PENDING_ASSET_REVIEW,single-or-double-column,docs/illustration-plans/chapter-62-illustration-plan.md
F62.12,62.12,62,Marketing,VIII — Beekeeping Business,90-Day Marketing Test,decision_flow,BRIEF_READY,TO_BE_CREATED_OR_COMMISSIONED,PENDING_ASSET_REVIEW,double-column-or-full-page,docs/illustration-plans/chapter-62-illustration-plan.md
F62.13,62.13,62,Marketing,VIII — Beekeeping Business,Complaint to Improvement Loop,process,BRIEF_READY,TO_BE_CREATED_OR_COMMISSIONED,PENDING_ASSET_REVIEW,single-or-double-column,docs/illustration-plans/chapter-62-illustration-plan.md
F63.01,63.1,63,Branding,VIII — Beekeeping Business,Brand Is More Than a Logo,scientific_illustration,BRIEF_READY,TO_BE_CREATED_OR_COMMISSIONED,PENDING_ASSET_REVIEW,single-or-double-column,docs/illustration-plans/chapter-63-illustration-plan.md
F63.02,63.2,63,Branding,VIII — Beekeeping Business,Name / Company / Domain / Social / Trade Mark,scientific_illustration,BRIEF_READY,TO_BE_CREATED_OR_COMMISSIONED,PENDING_ASSET_REVIEW,single-or-double-column,docs/illustration-plans/chapter-63-illustration-plan.md
F63.03,63.3,63,Branding,VIII — Beekeeping Business,Brand Naming Funnel,scientific_illustration,BRIEF_READY,TO_BE_CREATED_OR_COMMISSIONED,PENDING_ASSET_REVIEW,single-or-double-column,docs/illustration-plans/chapter-63-illustration-plan.md
F63.04,63.4,63,Branding,VIII — Beekeeping Business,Positioning Map,map_landscape,BRIEF_READY,TO_BE_CREATED_OR_COMMISSIONED,PENDING_ASSET_REVIEW,double-column-or-full-page,docs/illustration-plans/chapter-63-illustration-plan.md
F63.05,63.5,63,Branding,VIII — Beekeeping Business,Brand Proof Pyramid,scientific_illustration,BRIEF_READY,TO_BE_CREATED_OR_COMMISSIONED,PENDING_ASSET_REVIEW,single-or-double-column,docs/illustration-plans/chapter-63-illustration-plan.md
F63.06,63.6,63,Branding,VIII — Beekeeping Business,Visual Identity System,chart_data,BRIEF_READY,TO_BE_CREATED_OR_COMMISSIONED,PENDING_ASSET_REVIEW,double-column-or-full-page,docs/illustration-plans/chapter-63-illustration-plan.md
F63.07,63.7,63,Branding,VIII — Beekeeping Business,Small-Surface Test,scientific_illustration,BRIEF_READY,TO_BE_CREATED_OR_COMMISSIONED,PENDING_ASSET_REVIEW,single-or-double-column,docs/illustration-plans/chapter-63-illustration-plan.md
F63.08,63.8,63,Branding,VIII — Beekeeping Business,Packaging Information Hierarchy,scientific_illustration,BRIEF_READY,TO_BE_CREATED_OR_COMMISSIONED,PENDING_ASSET_REVIEW,single-or-double-column,docs/illustration-plans/chapter-63-illustration-plan.md
F63.09,63.9,63,Branding,VIII — Beekeeping Business,Brand Architecture,scientific_illustration,BRIEF_READY,TO_BE_CREATED_OR_COMMISSIONED,PENDING_ASSET_REVIEW,single-or-double-column,docs/illustration-plans/chapter-63-illustration-plan.md
F63.10,63.10,63,Branding,VIII — Beekeeping Business,Claim Library,scientific_illustration,BRIEF_READY,TO_BE_CREATED_OR_COMMISSIONED,PENDING_ASSET_REVIEW,single-or-double-column,docs/illustration-plans/chapter-63-illustration-plan.md
F63.11,63.11,63,Branding,VIII — Beekeeping Business,Truthful Origin Cues,map_landscape,BRIEF_READY,TO_BE_CREATED_OR_COMMISSIONED,PENDING_ASSET_REVIEW,double-column-or-full-page,docs/illustration-plans/chapter-63-illustration-plan.md
F63.12,63.12,63,Branding,VIII — Beekeeping Business,Digital Brand Asset Security,scientific_illustration,BRIEF_READY,TO_BE_CREATED_OR_COMMISSIONED,PENDING_ASSET_REVIEW,single-or-double-column,docs/illustration-plans/chapter-63-illustration-plan.md
F63.13,63.13,63,Branding,VIII — Beekeeping Business,Rebrand Cost Map,map_landscape,BRIEF_READY,TO_BE_CREATED_OR_COMMISSIONED,PENDING_ASSET_REVIEW,double-column-or-full-page,docs/illustration-plans/chapter-63-illustration-plan.md
F63.14,63.14,63,Branding,VIII — Beekeeping Business,Brand Equity Measures,scientific_illustration,BRIEF_READY,TO_BE_CREATED_OR_COMMISSIONED,PENDING_ASSET_REVIEW,single-or-double-column,docs/illustration-plans/chapter-63-illustration-plan.md
F64.01,64.1,64,Online Sales,VIII — Beekeeping Business,Online Sales System,scientific_illustration,BRIEF_READY,TO_BE_CREATED_OR_COMMISSIONED,PENDING_ASSET_REVIEW,single-or-double-column,docs/illustration-plans/chapter-64-illustration-plan.md
F64.02,64.2,64,Online Sales,VIII — Beekeeping Business,Channel Options,comparison,BRIEF_READY,TO_BE_CREATED_OR_COMMISSIONED,PENDING_ASSET_REVIEW,double-column,docs/illustration-plans/chapter-64-illustration-plan.md
F64.03,64.3,64,Online Sales,VIII — Beekeeping Business,EU Distance-Selling Food Information,scientific_illustration,BRIEF_READY,TO_BE_CREATED_OR_COMMISSIONED,PENDING_ASSET_REVIEW,single-or-double-column,docs/illustration-plans/chapter-64-illustration-plan.md
F64.04,64.4,64,Online Sales,VIII — Beekeeping Business,Online Product Page Anatomy,anatomical,BRIEF_READY,TO_BE_CREATED_OR_COMMISSIONED,PENDING_ASSET_REVIEW,double-column,docs/illustration-plans/chapter-64-illustration-plan.md
F64.05,64.5,64,Online Sales,VIII — Beekeeping Business,Quality Release to Inventory,scientific_illustration,BRIEF_READY,TO_BE_CREATED_OR_COMMISSIONED,PENDING_ASSET_REVIEW,single-or-double-column,docs/illustration-plans/chapter-64-illustration-plan.md
F64.06,64.6,64,Online Sales,VIII — Beekeeping Business,Order-to-Lot Traceability,scientific_illustration,BRIEF_READY,TO_BE_CREATED_OR_COMMISSIONED,PENDING_ASSET_REVIEW,single-or-double-column,docs/illustration-plans/chapter-64-illustration-plan.md
F64.07,64.7,64,Online Sales,VIII — Beekeeping Business,Shipping Cost Stack,scientific_illustration,BRIEF_READY,TO_BE_CREATED_OR_COMMISSIONED,PENDING_ASSET_REVIEW,single-or-double-column,docs/illustration-plans/chapter-64-illustration-plan.md
F64.08,64.8,64,Online Sales,VIII — Beekeeping Business,Glass Jar Packaging,scientific_illustration,BRIEF_READY,TO_BE_CREATED_OR_COMMISSIONED,PENDING_ASSET_REVIEW,single-or-double-column,docs/illustration-plans/chapter-64-illustration-plan.md
F64.09,64.9,64,Online Sales,VIII — Beekeeping Business,Product-Specific Shipping,scientific_illustration,BRIEF_READY,TO_BE_CREATED_OR_COMMISSIONED,PENDING_ASSET_REVIEW,single-or-double-column,docs/illustration-plans/chapter-64-illustration-plan.md
F64.10,64.10,64,Online Sales,VIII — Beekeeping Business,Cyber Security Basics,scientific_illustration,BRIEF_READY,TO_BE_CREATED_OR_COMMISSIONED,PENDING_ASSET_REVIEW,single-or-double-column,docs/illustration-plans/chapter-64-illustration-plan.md
F64.11,64.11,64,Online Sales,VIII — Beekeeping Business,Privacy and Marketing Data,scientific_illustration,BRIEF_READY,TO_BE_CREATED_OR_COMMISSIONED,PENDING_ASSET_REVIEW,single-or-double-column,docs/illustration-plans/chapter-64-illustration-plan.md
F64.12,64.12,64,Online Sales,VIII — Beekeeping Business,E-Commerce Economics Funnel,scientific_illustration,BRIEF_READY,TO_BE_CREATED_OR_COMMISSIONED,PENDING_ASSET_REVIEW,single-or-double-column,docs/illustration-plans/chapter-64-illustration-plan.md
F64.13,64.13,64,Online Sales,VIII — Beekeeping Business,Online Store Build Sequence,process,BRIEF_READY,TO_BE_CREATED_OR_COMMISSIONED,PENDING_ASSET_REVIEW,single-or-double-column,docs/illustration-plans/chapter-64-illustration-plan.md
F64.14,64.14,64,Online Sales,VIII — Beekeeping Business,Recall Path,scientific_illustration,BRIEF_READY,TO_BE_CREATED_OR_COMMISSIONED,PENDING_ASSET_REVIEW,single-or-double-column,docs/illustration-plans/chapter-64-illustration-plan.md
F65.01,65.1,65,Farmers Markets,VIII — Beekeeping Business,Farmers-Market Business Model,process,BRIEF_READY,TO_BE_CREATED_OR_COMMISSIONED,PENDING_ASSET_REVIEW,single-or-double-column,docs/illustration-plans/chapter-65-illustration-plan.md
F65.02,65.2,65,Farmers Markets,VIII — Beekeeping Business,Market-Day Contribution,process,BRIEF_READY,TO_BE_CREATED_OR_COMMISSIONED,PENDING_ASSET_REVIEW,single-or-double-column,docs/illustration-plans/chapter-65-illustration-plan.md
F65.03,65.3,65,Farmers Markets,VIII — Beekeeping Business,Safe Stall Layout,process,BRIEF_READY,TO_BE_CREATED_OR_COMMISSIONED,PENDING_ASSET_REVIEW,single-or-double-column,docs/illustration-plans/chapter-65-illustration-plan.md
F65.04,65.4,65,Farmers Markets,VIII — Beekeeping Business,Canopy and Weather Safety,scientific_illustration,BRIEF_READY,TO_BE_CREATED_OR_COMMISSIONED,PENDING_ASSET_REVIEW,single-or-double-column,docs/illustration-plans/chapter-65-illustration-plan.md
F65.05,65.5,65,Farmers Markets,VIII — Beekeeping Business,Product Display Hierarchy,scientific_illustration,BRIEF_READY,TO_BE_CREATED_OR_COMMISSIONED,PENDING_ASSET_REVIEW,single-or-double-column,docs/illustration-plans/chapter-65-illustration-plan.md
F65.06,65.6,65,Farmers Markets,VIII — Beekeeping Business,Sampling Hygiene Workflow,process,BRIEF_READY,TO_BE_CREATED_OR_COMMISSIONED,PENDING_ASSET_REVIEW,single-or-double-column,docs/illustration-plans/chapter-65-illustration-plan.md
F65.07,65.7,65,Farmers Markets,VIII — Beekeeping Business,Glass Breakage Response,scientific_illustration,BRIEF_READY,TO_BE_CREATED_OR_COMMISSIONED,PENDING_ASSET_REVIEW,single-or-double-column,docs/illustration-plans/chapter-65-illustration-plan.md
F65.08,65.8,65,Farmers Markets,VIII — Beekeeping Business,Lot Traceability at a Temporary Stall,scientific_illustration,BRIEF_READY,TO_BE_CREATED_OR_COMMISSIONED,PENDING_ASSET_REVIEW,single-or-double-column,docs/illustration-plans/chapter-65-illustration-plan.md
F65.09,65.9,65,Farmers Markets,VIII — Beekeeping Business,Market Performance Dashboard,chart_data,BRIEF_READY,TO_BE_CREATED_OR_COMMISSIONED,PENDING_ASSET_REVIEW,double-column-or-full-page,docs/illustration-plans/chapter-65-illustration-plan.md
F65.10,65.10,65,Farmers Markets,VIII — Beekeeping Business,Market Comparison Matrix,chart_data,BRIEF_READY,TO_BE_CREATED_OR_COMMISSIONED,PENDING_ASSET_REVIEW,double-column-or-full-page,docs/illustration-plans/chapter-65-illustration-plan.md
F65.11,65.11,65,Farmers Markets,VIII — Beekeeping Business,Customer-Question Feedback Loop,scientific_illustration,BRIEF_READY,TO_BE_CREATED_OR_COMMISSIONED,PENDING_ASSET_REVIEW,single-or-double-column,docs/illustration-plans/chapter-65-illustration-plan.md
F65.12,65.12,65,Farmers Markets,VIII — Beekeeping Business,Open-Food Risk Versus Sealed Product,comparison,BRIEF_READY,TO_BE_CREATED_OR_COMMISSIONED,PENDING_ASSET_REVIEW,double-column,docs/illustration-plans/chapter-65-illustration-plan.md
F65.13,65.13,65,Farmers Markets,VIII — Beekeeping Business,Market-Day Timeline,timeline,BRIEF_READY,TO_BE_CREATED_OR_COMMISSIONED,PENDING_ASSET_REVIEW,double-column-or-full-page,docs/illustration-plans/chapter-65-illustration-plan.md
F66.01,66.1,66,Food Safety,VIII — Beekeeping Business,Hive-to-Consumer Food-Safety Chain,process,BRIEF_READY,TO_BE_CREATED_OR_COMMISSIONED,PENDING_ASSET_REVIEW,single-or-double-column,docs/illustration-plans/chapter-66-illustration-plan.md
F66.02,66.2,66,Food Safety,VIII — Beekeeping Business,Four Hazard Categories,scientific_illustration,BRIEF_READY,TO_BE_CREATED_OR_COMMISSIONED,PENDING_ASSET_REVIEW,single-or-double-column,docs/illustration-plans/chapter-66-illustration-plan.md
F66.03,66.3,66,Food Safety,VIII — Beekeeping Business,Product-Risk Comparison,comparison,BRIEF_READY,TO_BE_CREATED_OR_COMMISSIONED,PENDING_ASSET_REVIEW,double-column,docs/illustration-plans/chapter-66-illustration-plan.md
F66.04,66.4,66,Food Safety,VIII — Beekeeping Business,Prerequisite Programmes Supporting HACCP,scientific_illustration,BRIEF_READY,TO_BE_CREATED_OR_COMMISSIONED,PENDING_ASSET_REVIEW,single-or-double-column,docs/illustration-plans/chapter-66-illustration-plan.md
F66.05,66.5,66,Food Safety,VIII — Beekeeping Business,HACCP Decision Cycle,decision_flow,BRIEF_READY,TO_BE_CREATED_OR_COMMISSIONED,PENDING_ASSET_REVIEW,double-column-or-full-page,docs/illustration-plans/chapter-66-illustration-plan.md
F66.06,66.6,66,Food Safety,VIII — Beekeeping Business,Honey-Room Hygiene Zoning,scientific_illustration,BRIEF_READY,TO_BE_CREATED_OR_COMMISSIONED,PENDING_ASSET_REVIEW,single-or-double-column,docs/illustration-plans/chapter-66-illustration-plan.md
F66.07,66.7,66,Food Safety,VIII — Beekeeping Business,Cleaning Versus Sanitation,comparison,BRIEF_READY,TO_BE_CREATED_OR_COMMISSIONED,PENDING_ASSET_REVIEW,double-column,docs/illustration-plans/chapter-66-illustration-plan.md
F66.08,66.8,66,Food Safety,VIII — Beekeeping Business,Glass Breakage Response,scientific_illustration,BRIEF_READY,TO_BE_CREATED_OR_COMMISSIONED,PENDING_ASSET_REVIEW,single-or-double-column,docs/illustration-plans/chapter-66-illustration-plan.md
F66.09,66.9,66,Food Safety,VIII — Beekeeping Business,Product-Specific Controls,scientific_illustration,BRIEF_READY,TO_BE_CREATED_OR_COMMISSIONED,PENDING_ASSET_REVIEW,single-or-double-column,docs/illustration-plans/chapter-66-illustration-plan.md
F66.10,66.10,66,Food Safety,VIII — Beekeeping Business,HOLD / RELEASED / REJECTED,scientific_illustration,BRIEF_READY,TO_BE_CREATED_OR_COMMISSIONED,PENDING_ASSET_REVIEW,single-or-double-column,docs/illustration-plans/chapter-66-illustration-plan.md
F66.11,66.11,66,Food Safety,VIII — Beekeeping Business,Recall Triangle,scientific_illustration,BRIEF_READY,TO_BE_CREATED_OR_COMMISSIONED,PENDING_ASSET_REVIEW,single-or-double-column,docs/illustration-plans/chapter-66-illustration-plan.md
F66.12,66.12,66,Food Safety,VIII — Beekeeping Business,Mock Recall Dashboard,chart_data,BRIEF_READY,TO_BE_CREATED_OR_COMMISSIONED,PENDING_ASSET_REVIEW,double-column-or-full-page,docs/illustration-plans/chapter-66-illustration-plan.md
F67.01,67.1,67,Traceability,VIII — Beekeeping Business,Backward and Forward Traceability,scientific_illustration,BRIEF_READY,TO_BE_CREATED_OR_COMMISSIONED,PENDING_ASSET_REVIEW,single-or-double-column,docs/illustration-plans/chapter-67-illustration-plan.md
F67.02,67.2,67,Traceability,VIII — Beekeeping Business,One Step Back / One Step Forward,scientific_illustration,BRIEF_READY,TO_BE_CREATED_OR_COMMISSIONED,PENDING_ASSET_REVIEW,single-or-double-column,docs/illustration-plans/chapter-67-illustration-plan.md
F67.03,67.3,67,Traceability,VIII — Beekeeping Business,Internal Lot Architecture,scientific_illustration,BRIEF_READY,TO_BE_CREATED_OR_COMMISSIONED,PENDING_ASSET_REVIEW,single-or-double-column,docs/illustration-plans/chapter-67-illustration-plan.md
F67.04,67.4,67,Traceability,VIII — Beekeeping Business,Example Lot-Code System,scientific_illustration,BRIEF_READY,TO_BE_CREATED_OR_COMMISSIONED,PENDING_ASSET_REVIEW,single-or-double-column,docs/illustration-plans/chapter-67-illustration-plan.md
F67.05,67.5,67,Traceability,VIII — Beekeeping Business,Blend Country Percentages,scientific_illustration,BRIEF_READY,TO_BE_CREATED_OR_COMMISSIONED,PENDING_ASSET_REVIEW,single-or-double-column,docs/illustration-plans/chapter-67-illustration-plan.md
F67.06,67.6,67,Traceability,VIII — Beekeeping Business,Mass-Balance Equation,scientific_illustration,BRIEF_READY,TO_BE_CREATED_OR_COMMISSIONED,PENDING_ASSET_REVIEW,single-or-double-column,docs/illustration-plans/chapter-67-illustration-plan.md
F67.07,67.7,67,Traceability,VIII — Beekeeping Business,Farmers-Market Lot Reconciliation,scientific_illustration,BRIEF_READY,TO_BE_CREATED_OR_COMMISSIONED,PENDING_ASSET_REVIEW,single-or-double-column,docs/illustration-plans/chapter-67-illustration-plan.md
F67.08,67.8,67,Traceability,VIII — Beekeeping Business,Online Order-to-Lot Link,scientific_illustration,BRIEF_READY,TO_BE_CREATED_OR_COMMISSIONED,PENDING_ASSET_REVIEW,single-or-double-column,docs/illustration-plans/chapter-67-illustration-plan.md
F67.09,67.9,67,Traceability,VIII — Beekeeping Business,Retained Sample and Chain of Custody,scientific_illustration,BRIEF_READY,TO_BE_CREATED_OR_COMMISSIONED,PENDING_ASSET_REVIEW,single-or-double-column,docs/illustration-plans/chapter-67-illustration-plan.md
F67.10,67.10,67,Traceability,VIII — Beekeeping Business,Mock Recall Dashboard,chart_data,BRIEF_READY,TO_BE_CREATED_OR_COMMISSIONED,PENDING_ASSET_REVIEW,double-column-or-full-page,docs/illustration-plans/chapter-67-illustration-plan.md
F67.11,67.11,67,Traceability,VIII — Beekeeping Business,Label Version Control,scientific_illustration,BRIEF_READY,TO_BE_CREATED_OR_COMMISSIONED,PENDING_ASSET_REVIEW,single-or-double-column,docs/illustration-plans/chapter-67-illustration-plan.md
F67.12,67.12,67,Traceability,VIII — Beekeeping Business,Digital Traceability Resilience,scientific_illustration,BRIEF_READY,TO_BE_CREATED_OR_COMMISSIONED,PENDING_ASSET_REVIEW,single-or-double-column,docs/illustration-plans/chapter-67-illustration-plan.md
F68.01,68.1,68,Legal Requirements,VIII — Beekeeping Business,Beekeeping Compliance Map,map_landscape,BRIEF_READY,TO_BE_CREATED_OR_COMMISSIONED,PENDING_ASSET_REVIEW,double-column-or-full-page,docs/illustration-plans/chapter-68-illustration-plan.md
F68.02,68.2,68,Legal Requirements,VIII — Beekeeping Business,Compliance Matrix Example,chart_data,BRIEF_READY,TO_BE_CREATED_OR_COMMISSIONED,PENDING_ASSET_REVIEW,double-column-or-full-page,docs/illustration-plans/chapter-68-illustration-plan.md
F68.03,68.3,68,Legal Requirements,VIII — Beekeeping Business,Registration / Approval / Licence / Notification / Certification,comparison,BRIEF_READY,TO_BE_CREATED_OR_COMMISSIONED,PENDING_ASSET_REVIEW,double-column,docs/illustration-plans/chapter-68-illustration-plan.md
F68.04,68.4,68,Legal Requirements,VIII — Beekeeping Business,Primary Production Versus Processing/Packing,comparison,BRIEF_READY,TO_BE_CREATED_OR_COMMISSIONED,PENDING_ASSET_REVIEW,double-column,docs/illustration-plans/chapter-68-illustration-plan.md
F68.05,68.5,68,Legal Requirements,VIII — Beekeeping Business,Honey Label Compliance Layers,scientific_illustration,BRIEF_READY,TO_BE_CREATED_OR_COMMISSIONED,PENDING_ASSET_REVIEW,single-or-double-column,docs/illustration-plans/chapter-68-illustration-plan.md
F68.06,68.6,68,Legal Requirements,VIII — Beekeeping Business,EU 2026 Blend-Origin Record Path,scientific_illustration,BRIEF_READY,TO_BE_CREATED_OR_COMMISSIONED,PENDING_ASSET_REVIEW,single-or-double-column,docs/illustration-plans/chapter-68-illustration-plan.md
F68.07,68.7,68,Legal Requirements,VIII — Beekeeping Business,Online Sale Legal Layers,scientific_illustration,BRIEF_READY,TO_BE_CREATED_OR_COMMISSIONED,PENDING_ASSET_REVIEW,single-or-double-column,docs/illustration-plans/chapter-68-illustration-plan.md
F68.08,68.8,68,Legal Requirements,VIII — Beekeeping Business,Bee Health and Medicine Compliance,scientific_illustration,BRIEF_READY,TO_BE_CREATED_OR_COMMISSIONED,PENDING_ASSET_REVIEW,single-or-double-column,docs/illustration-plans/chapter-68-illustration-plan.md
F68.09,68.9,68,Legal Requirements,VIII — Beekeeping Business,Product Category Changes,scientific_illustration,BRIEF_READY,TO_BE_CREATED_OR_COMMISSIONED,PENDING_ASSET_REVIEW,single-or-double-column,docs/illustration-plans/chapter-68-illustration-plan.md
F68.10,68.10,68,Legal Requirements,VIII — Beekeeping Business,Law Versus Contract Versus Voluntary Certification,comparison,BRIEF_READY,TO_BE_CREATED_OR_COMMISSIONED,PENDING_ASSET_REVIEW,double-column,docs/illustration-plans/chapter-68-illustration-plan.md
F68.11,68.11,68,Legal Requirements,VIII — Beekeeping Business,Legal Change Management,process,BRIEF_READY,TO_BE_CREATED_OR_COMMISSIONED,PENDING_ASSET_REVIEW,single-or-double-column,docs/illustration-plans/chapter-68-illustration-plan.md
F69.01,69.1,69,Insurance,VIII — Beekeeping Business,Risk Treatment Framework,decision_flow,BRIEF_READY,TO_BE_CREATED_OR_COMMISSIONED,PENDING_ASSET_REVIEW,double-column-or-full-page,docs/illustration-plans/chapter-69-illustration-plan.md
F69.02,69.2,69,Insurance,VIII — Beekeeping Business,Insurance Coverage Map,map_landscape,BRIEF_READY,TO_BE_CREATED_OR_COMMISSIONED,PENDING_ASSET_REVIEW,double-column-or-full-page,docs/illustration-plans/chapter-69-illustration-plan.md
F69.03,69.3,69,Insurance,VIII — Beekeeping Business,Public Liability Versus Product Liability,comparison,BRIEF_READY,TO_BE_CREATED_OR_COMMISSIONED,PENDING_ASSET_REVIEW,double-column,docs/illustration-plans/chapter-69-illustration-plan.md
F69.04,69.4,69,Insurance,VIII — Beekeeping Business,Liability Versus Recall Cost,comparison,BRIEF_READY,TO_BE_CREATED_OR_COMMISSIONED,PENDING_ASSET_REVIEW,double-column,docs/illustration-plans/chapter-69-illustration-plan.md
F69.05,69.5,69,Insurance,VIII — Beekeeping Business,Seasonal Stock Exposure,chart_data,BRIEF_READY,TO_BE_CREATED_OR_COMMISSIONED,PENDING_ASSET_REVIEW,double-column-or-full-page,docs/illustration-plans/chapter-69-illustration-plan.md
F69.06,69.6,69,Insurance,VIII — Beekeeping Business,Business Interruption and Biological Seasonality,scientific_illustration,BRIEF_READY,TO_BE_CREATED_OR_COMMISSIONED,PENDING_ASSET_REVIEW,single-or-double-column,docs/illustration-plans/chapter-69-illustration-plan.md
F69.07,69.7,69,Insurance,VIII — Beekeeping Business,Policy Anatomy,anatomical,BRIEF_READY,TO_BE_CREATED_OR_COMMISSIONED,PENDING_ASSET_REVIEW,double-column,docs/illustration-plans/chapter-69-illustration-plan.md
F69.08,69.8,69,Insurance,VIII — Beekeeping Business,Occurrence Versus Claims-Made,timeline,BRIEF_READY,TO_BE_CREATED_OR_COMMISSIONED,PENDING_ASSET_REVIEW,double-column-or-full-page,docs/illustration-plans/chapter-69-illustration-plan.md
F69.09,69.9,69,Insurance,VIII — Beekeeping Business,Contract and Insurance Mismatch,comparison,BRIEF_READY,TO_BE_CREATED_OR_COMMISSIONED,PENDING_ASSET_REVIEW,double-column,docs/illustration-plans/chapter-69-illustration-plan.md
F69.10,69.10,69,Insurance,VIII — Beekeeping Business,Claim Evidence Pack,scientific_illustration,BRIEF_READY,TO_BE_CREATED_OR_COMMISSIONED,PENDING_ASSET_REVIEW,single-or-double-column,docs/illustration-plans/chapter-69-illustration-plan.md
F69.11,69.11,69,Insurance,VIII — Beekeeping Business,Food Incident and Insurance Coordination,scientific_illustration,BRIEF_READY,TO_BE_CREATED_OR_COMMISSIONED,PENDING_ASSET_REVIEW,single-or-double-column,docs/illustration-plans/chapter-69-illustration-plan.md
F69.12,69.12,69,Insurance,VIII — Beekeeping Business,Annual Insurance Review,decision_flow,BRIEF_READY,TO_BE_CREATED_OR_COMMISSIONED,PENDING_ASSET_REVIEW,double-column-or-full-page,docs/illustration-plans/chapter-69-illustration-plan.md
F70.01,70.1,70,Organic Beekeeping,IX — Sustainability,Organic Beekeeping as a System,scientific_illustration,BRIEF_READY,TO_BE_CREATED_OR_COMMISSIONED,PENDING_ASSET_REVIEW,single-or-double-column,docs/illustration-plans/chapter-70-illustration-plan.md
F70.02,70.2,70,Organic Beekeeping,IX — Sustainability,"Organic, Natural, Local and Treatment-Free Are Different",scientific_illustration,BRIEF_READY,TO_BE_CREATED_OR_COMMISSIONED,PENDING_ASSET_REVIEW,single-or-double-column,docs/illustration-plans/chapter-70-illustration-plan.md
F70.03,70.3,70,Organic Beekeeping,IX — Sustainability,EU Apiary Siting Example,map_landscape,BRIEF_READY,TO_BE_CREATED_OR_COMMISSIONED,PENDING_ASSET_REVIEW,double-column-or-full-page,docs/illustration-plans/chapter-70-illustration-plan.md
F70.04,70.4,70,Organic Beekeeping,IX — Sustainability,Wax Traceability,scientific_illustration,BRIEF_READY,TO_BE_CREATED_OR_COMMISSIONED,PENDING_ASSET_REVIEW,single-or-double-column,docs/illustration-plans/chapter-70-illustration-plan.md
F70.05,70.5,70,Organic Beekeeping,IX — Sustainability,Organic Feeding Decision,decision_flow,BRIEF_READY,TO_BE_CREATED_OR_COMMISSIONED,PENDING_ASSET_REVIEW,double-column-or-full-page,docs/illustration-plans/chapter-70-illustration-plan.md
F70.06,70.6,70,Organic Beekeeping,IX — Sustainability,Two Checks Before Varroa Treatment,scientific_illustration,BRIEF_READY,TO_BE_CREATED_OR_COMMISSIONED,PENDING_ASSET_REVIEW,single-or-double-column,docs/illustration-plans/chapter-70-illustration-plan.md
F70.07,70.7,70,Organic Beekeeping,IX — Sustainability,Organic Varroa IPM,scientific_illustration,BRIEF_READY,TO_BE_CREATED_OR_COMMISSIONED,PENDING_ASSET_REVIEW,single-or-double-column,docs/illustration-plans/chapter-70-illustration-plan.md
F70.08,70.8,70,Organic Beekeeping,IX — Sustainability,Welfare Versus Certification Status,comparison,BRIEF_READY,TO_BE_CREATED_OR_COMMISSIONED,PENDING_ASSET_REVIEW,double-column,docs/illustration-plans/chapter-70-illustration-plan.md
F70.09,70.9,70,Organic Beekeeping,IX — Sustainability,Organic/Conventional Segregation,scientific_illustration,BRIEF_READY,TO_BE_CREATED_OR_COMMISSIONED,PENDING_ASSET_REVIEW,single-or-double-column,docs/illustration-plans/chapter-70-illustration-plan.md
F70.10,70.10,70,Organic Beekeeping,IX — Sustainability,Organic Audit Trail,scientific_illustration,BRIEF_READY,TO_BE_CREATED_OR_COMMISSIONED,PENDING_ASSET_REVIEW,single-or-double-column,docs/illustration-plans/chapter-70-illustration-plan.md
F70.11,70.11,70,Organic Beekeeping,IX — Sustainability,Organic Certification Economics,scientific_illustration,BRIEF_READY,TO_BE_CREATED_OR_COMMISSIONED,PENDING_ASSET_REVIEW,single-or-double-column,docs/illustration-plans/chapter-70-illustration-plan.md
F71.01,71.1,71,Biodiversity,IX — Sustainability,Levels of Biodiversity,map_landscape,BRIEF_READY,TO_BE_CREATED_OR_COMMISSIONED,PENDING_ASSET_REVIEW,double-column-or-full-page,docs/illustration-plans/chapter-71-illustration-plan.md
F71.02,71.2,71,Biodiversity,IX — Sustainability,Managed Honey Bee Versus Wild Pollinator Community,comparison,BRIEF_READY,TO_BE_CREATED_OR_COMMISSIONED,PENDING_ASSET_REVIEW,double-column,docs/illustration-plans/chapter-71-illustration-plan.md
F71.03,71.3,71,Biodiversity,IX — Sustainability,Season-Long Forage Calendar,timeline,BRIEF_READY,TO_BE_CREATED_OR_COMMISSIONED,PENDING_ASSET_REVIEW,double-column-or-full-page,docs/illustration-plans/chapter-71-illustration-plan.md
F71.04,71.4,71,Biodiversity,IX — Sustainability,Nesting Resources,scientific_illustration,BRIEF_READY,TO_BE_CREATED_OR_COMMISSIONED,PENDING_ASSET_REVIEW,single-or-double-column,docs/illustration-plans/chapter-71-illustration-plan.md
F71.05,71.5,71,Biodiversity,IX — Sustainability,Connected Landscape,map_landscape,BRIEF_READY,TO_BE_CREATED_OR_COMMISSIONED,PENDING_ASSET_REVIEW,double-column-or-full-page,docs/illustration-plans/chapter-71-illustration-plan.md
F71.06,71.6,71,Biodiversity,IX — Sustainability,All-Ireland Pollinator Plan 2026–2030 Example,scientific_illustration,BRIEF_READY,TO_BE_CREATED_OR_COMMISSIONED,PENDING_ASSET_REVIEW,single-or-double-column,docs/illustration-plans/chapter-71-illustration-plan.md
F71.07,71.7,71,Biodiversity,IX — Sustainability,Pesticide Pathways,scientific_illustration,BRIEF_READY,TO_BE_CREATED_OR_COMMISSIONED,PENDING_ASSET_REVIEW,single-or-double-column,docs/illustration-plans/chapter-71-illustration-plan.md
F71.08,71.8,71,Biodiversity,IX — Sustainability,Apiary Density and Shared Resources,map_landscape,BRIEF_READY,TO_BE_CREATED_OR_COMMISSIONED,PENDING_ASSET_REVIEW,double-column-or-full-page,docs/illustration-plans/chapter-71-illustration-plan.md
F71.09,71.9,71,Biodiversity,IX — Sustainability,Competition Is Context Dependent,decision_flow,BRIEF_READY,TO_BE_CREATED_OR_COMMISSIONED,PENDING_ASSET_REVIEW,double-column-or-full-page,docs/illustration-plans/chapter-71-illustration-plan.md
F71.10,71.10,71,Biodiversity,IX — Sustainability,Biodiversity Monitoring Toolkit,map_landscape,BRIEF_READY,TO_BE_CREATED_OR_COMMISSIONED,PENDING_ASSET_REVIEW,double-column-or-full-page,docs/illustration-plans/chapter-71-illustration-plan.md
F71.11,71.11,71,Biodiversity,IX — Sustainability,Conservation Action Hierarchy,scientific_illustration,BRIEF_READY,TO_BE_CREATED_OR_COMMISSIONED,PENDING_ASSET_REVIEW,single-or-double-column,docs/illustration-plans/chapter-71-illustration-plan.md
F72.01,72.1,72,Pollinator Conservation,IX — Sustainability,Pollinator Life-Cycle Needs,scientific_illustration,BRIEF_READY,TO_BE_CREATED_OR_COMMISSIONED,PENDING_ASSET_REVIEW,single-or-double-column,docs/illustration-plans/chapter-72-illustration-plan.md
F72.02,72.2,72,Pollinator Conservation,IX — Sustainability,Conservation Hierarchy,scientific_illustration,BRIEF_READY,TO_BE_CREATED_OR_COMMISSIONED,PENDING_ASSET_REVIEW,single-or-double-column,docs/illustration-plans/chapter-72-illustration-plan.md
F72.03,72.3,72,Pollinator Conservation,IX — Sustainability,Pollinator Groups and Different Habitat Needs,scientific_illustration,BRIEF_READY,TO_BE_CREATED_OR_COMMISSIONED,PENDING_ASSET_REVIEW,single-or-double-column,docs/illustration-plans/chapter-72-illustration-plan.md
F72.04,72.4,72,Pollinator Conservation,IX — Sustainability,Season-Long Flower Resource,timeline,BRIEF_READY,TO_BE_CREATED_OR_COMMISSIONED,PENDING_ASSET_REVIEW,double-column-or-full-page,docs/illustration-plans/chapter-72-illustration-plan.md
F72.05,72.5,72,Pollinator Conservation,IX — Sustainability,Hedgerow and Field-Margin Management,scientific_illustration,BRIEF_READY,TO_BE_CREATED_OR_COMMISSIONED,PENDING_ASSET_REVIEW,single-or-double-column,docs/illustration-plans/chapter-72-illustration-plan.md
F72.06,72.6,72,Pollinator Conservation,IX — Sustainability,Mowing Regimes,comparison,BRIEF_READY,TO_BE_CREATED_OR_COMMISSIONED,PENDING_ASSET_REVIEW,double-column,docs/illustration-plans/chapter-72-illustration-plan.md
F72.07,72.7,72,Pollinator Conservation,IX — Sustainability,Nesting Habitat Mosaic,scientific_illustration,BRIEF_READY,TO_BE_CREATED_OR_COMMISSIONED,PENDING_ASSET_REVIEW,single-or-double-column,docs/illustration-plans/chapter-72-illustration-plan.md
F72.08,72.8,72,Pollinator Conservation,IX — Sustainability,Pesticide-Risk Hierarchy,scientific_illustration,BRIEF_READY,TO_BE_CREATED_OR_COMMISSIONED,PENDING_ASSET_REVIEW,single-or-double-column,docs/illustration-plans/chapter-72-illustration-plan.md
F72.09,72.9,72,Pollinator Conservation,IX — Sustainability,Managed Hive Stocking Near Sensitive Habitat,decision_flow,BRIEF_READY,TO_BE_CREATED_OR_COMMISSIONED,PENDING_ASSET_REVIEW,double-column-or-full-page,docs/illustration-plans/chapter-72-illustration-plan.md
F72.10,72.10,72,Pollinator Conservation,IX — Sustainability,AIPP 2026–2030 Connectivity Example,scientific_illustration,BRIEF_READY,TO_BE_CREATED_OR_COMMISSIONED,PENDING_ASSET_REVIEW,single-or-double-column,docs/illustration-plans/chapter-72-illustration-plan.md
F72.11,72.11,72,Pollinator Conservation,IX — Sustainability,Monitoring Before and After,map_landscape,BRIEF_READY,TO_BE_CREATED_OR_COMMISSIONED,PENDING_ASSET_REVIEW,double-column-or-full-page,docs/illustration-plans/chapter-72-illustration-plan.md
F72.12,72.12,72,Pollinator Conservation,IX — Sustainability,Symbolic Versus Measurable Conservation,comparison,BRIEF_READY,TO_BE_CREATED_OR_COMMISSIONED,PENDING_ASSET_REVIEW,double-column,docs/illustration-plans/chapter-72-illustration-plan.md
F73.01,73.1,73,Scientific Research,IX — Sustainability,Evidence Pathway,scientific_illustration,BRIEF_READY,TO_BE_CREATED_OR_COMMISSIONED,PENDING_ASSET_REVIEW,single-or-double-column,docs/illustration-plans/chapter-73-illustration-plan.md
F73.02,73.2,73,Scientific Research,IX — Sustainability,Study Designs Compared,comparison,BRIEF_READY,TO_BE_CREATED_OR_COMMISSIONED,PENDING_ASSET_REVIEW,double-column,docs/illustration-plans/chapter-73-illustration-plan.md
F73.03,73.3,73,Scientific Research,IX — Sustainability,Biological Replication Versus Pseudoreplication,comparison,BRIEF_READY,TO_BE_CREATED_OR_COMMISSIONED,PENDING_ASSET_REVIEW,double-column,docs/illustration-plans/chapter-73-illustration-plan.md
F73.04,73.4,73,Scientific Research,IX — Sustainability,Effect Size and Confidence Interval,comparison,BRIEF_READY,TO_BE_CREATED_OR_COMMISSIONED,PENDING_ASSET_REVIEW,double-column,docs/illustration-plans/chapter-73-illustration-plan.md
F73.05,73.5,73,Scientific Research,IX — Sustainability,Statistical Versus Practical Significance,comparison,BRIEF_READY,TO_BE_CREATED_OR_COMMISSIONED,PENDING_ASSET_REVIEW,double-column,docs/illustration-plans/chapter-73-illustration-plan.md
F73.06,73.6,73,Scientific Research,IX — Sustainability,Evidence Hierarchy by Question,scientific_illustration,BRIEF_READY,TO_BE_CREATED_OR_COMMISSIONED,PENDING_ASSET_REVIEW,single-or-double-column,docs/illustration-plans/chapter-73-illustration-plan.md
F73.07,73.7,73,Scientific Research,IX — Sustainability,AI Data Split and Leakage,comparison,BRIEF_READY,TO_BE_CREATED_OR_COMMISSIONED,PENDING_ASSET_REVIEW,double-column,docs/illustration-plans/chapter-73-illustration-plan.md
F73.08,73.8,73,Scientific Research,IX — Sustainability,Confusion Matrix for Disease Detection,chart_data,BRIEF_READY,TO_BE_CREATED_OR_COMMISSIONED,PENDING_ASSET_REVIEW,double-column-or-full-page,docs/illustration-plans/chapter-73-illustration-plan.md
F73.09,73.9,73,Scientific Research,IX — Sustainability,Research Frontiers Map,map_landscape,BRIEF_READY,TO_BE_CREATED_OR_COMMISSIONED,PENDING_ASSET_REVIEW,double-column-or-full-page,docs/illustration-plans/chapter-73-illustration-plan.md
F73.10,73.10,73,Scientific Research,IX — Sustainability,Technology Readiness,scientific_illustration,BRIEF_READY,TO_BE_CREATED_OR_COMMISSIONED,PENDING_ASSET_REVIEW,single-or-double-column,docs/illustration-plans/chapter-73-illustration-plan.md
F73.11,73.11,73,Scientific Research,IX — Sustainability,Honey Authentication Toolbox,chart_data,BRIEF_READY,TO_BE_CREATED_OR_COMMISSIONED,PENDING_ASSET_REVIEW,double-column-or-full-page,docs/illustration-plans/chapter-73-illustration-plan.md
F73.12,73.12,73,Scientific Research,IX — Sustainability,Paper-Appraisal Checklist,decision_flow,BRIEF_READY,TO_BE_CREATED_OR_COMMISSIONED,PENDING_ASSET_REVIEW,double-column-or-full-page,docs/illustration-plans/chapter-73-illustration-plan.md
F74.01,74.1,74,Future of Beekeeping,IX — Sustainability,"Five-, Ten-, and Twenty-Year Scenario Horizons",scientific_illustration,BRIEF_READY,TO_BE_CREATED_OR_COMMISSIONED,PENDING_ASSET_REVIEW,single-or-double-column,docs/illustration-plans/chapter-74-illustration-plan.md
F74.02,74.2,74,Future of Beekeeping,IX — Sustainability,Technology-Adoption Framework,decision_flow,BRIEF_READY,TO_BE_CREATED_OR_COMMISSIONED,PENDING_ASSET_REVIEW,double-column-or-full-page,docs/illustration-plans/chapter-74-illustration-plan.md
F74.03,74.3,74,Future of Beekeeping,IX — Sustainability,Precision Apiary Architecture,chart_data,BRIEF_READY,TO_BE_CREATED_OR_COMMISSIONED,PENDING_ASSET_REVIEW,double-column-or-full-page,docs/illustration-plans/chapter-74-illustration-plan.md
F74.04,74.4,74,Future of Beekeeping,IX — Sustainability,AI Decision Support Versus Autonomous Action,decision_flow,BRIEF_READY,TO_BE_CREATED_OR_COMMISSIONED,PENDING_ASSET_REVIEW,double-column-or-full-page,docs/illustration-plans/chapter-74-illustration-plan.md
F74.05,74.5,74,Future of Beekeeping,IX — Sustainability,Climate Adaptation Toolbox,timeline,BRIEF_READY,TO_BE_CREATED_OR_COMMISSIONED,PENDING_ASSET_REVIEW,double-column-or-full-page,docs/illustration-plans/chapter-74-illustration-plan.md
F74.06,74.6,74,Future of Beekeeping,IX — Sustainability,Emerging Pest Pathway,chart_data,BRIEF_READY,TO_BE_CREATED_OR_COMMISSIONED,PENDING_ASSET_REVIEW,double-column-or-full-page,docs/illustration-plans/chapter-74-illustration-plan.md
F74.07,74.7,74,Future of Beekeeping,IX — Sustainability,Breeding and Genomic Selection,scientific_illustration,BRIEF_READY,TO_BE_CREATED_OR_COMMISSIONED,PENDING_ASSET_REVIEW,single-or-double-column,docs/illustration-plans/chapter-74-illustration-plan.md
F74.08,74.8,74,Future of Beekeeping,IX — Sustainability,Reduced-Chemical-Dependence IPM,scientific_illustration,BRIEF_READY,TO_BE_CREATED_OR_COMMISSIONED,PENDING_ASSET_REVIEW,single-or-double-column,docs/illustration-plans/chapter-74-illustration-plan.md
F74.09,74.9,74,Future of Beekeeping,IX — Sustainability,Molecular Diagnostics Pipeline,scientific_illustration,BRIEF_READY,TO_BE_CREATED_OR_COMMISSIONED,PENDING_ASSET_REVIEW,single-or-double-column,docs/illustration-plans/chapter-74-illustration-plan.md
F74.10,74.10,74,Future of Beekeeping,IX — Sustainability,Honey Authenticity and Digital Traceability,scientific_illustration,BRIEF_READY,TO_BE_CREATED_OR_COMMISSIONED,PENDING_ASSET_REVIEW,single-or-double-column,docs/illustration-plans/chapter-74-illustration-plan.md
F74.11,74.11,74,Future of Beekeeping,IX — Sustainability,Automation and Robotics Opportunities,process,BRIEF_READY,TO_BE_CREATED_OR_COMMISSIONED,PENDING_ASSET_REVIEW,single-or-double-column,docs/illustration-plans/chapter-74-illustration-plan.md
F74.12,74.12,74,Future of Beekeeping,IX — Sustainability,Data Governance Map,map_landscape,BRIEF_READY,TO_BE_CREATED_OR_COMMISSIONED,PENDING_ASSET_REVIEW,double-column-or-full-page,docs/illustration-plans/chapter-74-illustration-plan.md
F74.13,74.13,74,Future of Beekeeping,IX — Sustainability,Future Business Models,process,BRIEF_READY,TO_BE_CREATED_OR_COMMISSIONED,PENDING_ASSET_REVIEW,single-or-double-column,docs/illustration-plans/chapter-74-illustration-plan.md
F74.14,74.14,74,Future of Beekeeping,IX — Sustainability,Future-Readiness Checklist,scientific_illustration,BRIEF_READY,TO_BE_CREATED_OR_COMMISSIONED,PENDING_ASSET_REVIEW,single-or-double-column,docs/illustration-plans/chapter-74-illustration-plan.md
